node1,node2,distance,time_minutes,gradient,max_gradient,min_gradient,sidewalk,signal,road_width,illumination,nature,park,garbage,toilet,crosswalk
1,254,44.43179805,0.555397476,0.000225064,0.000225064,0.000225064,0,0,1,1,0,0,0,0,0
2,253,46.12630481,0.57657881,-0.007154452,-0.007154452,-0.007154452,0,0,1,1,0,0,0,0,0
2,3,46.12630481,0.57657881,0.007154452,0.007154452,0.007154452,0,0,1,1,0,0,0,0,0
2,4,124.0073424,1.55009178,-0.003225632,-0.003225632,-0.003225632,0,0,1,1,0,0,0,0,0
3,5,115.6227829,1.445284787,-0.003027099,-0.003027099,-0.003027099,0,0,1,1,0,0,1,0,0
3,9,45.32644136,0.566580517,-0.008604568,-0.008604568,-0.008604568,0,0,1,1,1,0,0,0,0
4,5,53.47545516,0.66844319,-0.005236119,-0.005236119,-0.005236119,0,0,1,1,1,0,0,0,0
4,182,46.85905972,0.585738247,-0.002347471,-0.002347471,-0.002347471,0,0,1,1,0,0,0,0,0
5,8,47.00036537,0.587504567,-0.016810755,-0.016810755,-0.016810755,0,0,1,0,0,0,0,0,0
6,7,83.26965905,1.040870738,-0.014412508,-0.014412508,-0.014412508,0,0,2,1,0,0,0,0,0
6,182,7.197695948,0.089971199,0.002778678,0.002778678,0.002778678,0,0,0,0,0,0,0,0,-1
7,183,7.637336823,0.09546671,-0.002618723,-0.002618723,-0.002618723,0,0,0,0,0,0,0,0,1
7,184,7.308146327,0.091351829,-0.017791184,-0.017791184,-0.017791184,0,0,0,0,0,0,0,0,1
8,9,112.0316842,1.400396052,0.006694685,0.006694685,0.006694685,0,0,2,1,0,0,1,0,0
8,183,45.3965256,0.56745657,-0.00616799,-0.00616799,-0.00616799,0,0,2,1,0,0,0,0,0
8,186,9.455138408,0.11818923,-0.003172894,-0.003172894,-0.003172894,0,0,0,0,0,0,0,0,-1
9,10,50.85889848,0.635736231,0.000393245,0.000393245,0.000393245,0,0,2,1,0,0,0,0,0
9,187,8.991915757,0.112398947,0.001112111,0.001112111,0.001112111,0,0,0,0,0,0,0,0,1
10,56,24.5461893,0.306827366,-0.000814791,-0.000814791,-0.000814791,0,0,2,1,0,0,0,0,0
10,188,9.288567928,0.116107099,-0.001076593,-0.001076593,-0.001076593,0,0,0,0,0,0,0,0,-1
11,12,62.43707229,0.780463404,0.000160161,0.000160161,0.000160161,0,0,1,1,0,0,0,0,0
11,188,64.4707103,0.805883879,-0.011478837,-0.011478837,-0.011478837,0,0,1,1,0,0,0,0,0
12,13,32.32029427,0.404003678,0.006188181,0.006188181,0.006188181,1,0,2,1,0,0,0,0,0
12,55,26.54210774,0.331776347,-0.022611368,-0.022611368,-0.022611368,1,0,2,1,0,0,0,0,0
13,14,84.35760631,1.054460509,-0.003532758,0.00691807,-0.005258861,0,0,1,1,0,0,0,0,0
13,16,113.0893532,1.413616916,-0.002829632,-0.002829632,-0.002829632,1,0,2,1,0,0,0,0,0
13,19,46.13740795,0.576717599,0.01018749,0.01018749,0.01018749,0,0,1,1,1,0,0,0,0
14,15,102.5704161,1.282130202,-0.01355291,-0.01355291,-0.01355291,0,0,1,1,1,0,0,0,0
14,187,59.93041238,0.749130155,-0.01168101,-0.01168101,-0.01168101,0,0,1,1,0,0,1,0,0
15,16,69.1942669,0.864928336,0.019080197,0.019080197,0.019080197,0,0,1,1,1,0,0,0,0
15,186,60.3331792,0.75416474,-0.001657465,-0.001657465,-0.001657465,0,0,1,1,1,0,0,0,0
16,189,43.91992265,0.548999033,-0.00387071,-0.00387071,-0.00387071,1,0,2,1,1,0,0,0,0
16,191,43.31768398,0.54147105,-0.002539387,-0.002539387,-0.002539387,1,0,2,1,1,0,0,0,0
17,184,129.6273614,1.620342017,-0.010646504,-0.010646504,-0.010646504,0,0,2,1,0,0,0,0,0
17,189,8.54248007,0.106781001,0.02693403,0.02693403,0.02693403,0,1,0,0,0,0,0,0,1
17,190,6.857580726,0.085719759,0.026257371,0.026257371,0.026257371,0,1,0,0,0,0,0,0,1
18,22,132.1294383,1.651617979,0.009158071,0.009158071,0.009158071,0,0,2,1,0,1,0,0,0
18,23,79.7818602,0.997258602,0.015600511,0.01745286,0.008019206,1,0,2,0,1,0,0,0,0
18,190,42.55303912,0.531912989,-0.014101452,-0.014101452,-0.014101452,0,0,2,1,0,0,0,0,0
18,192,7.197680959,0.089971012,0,0,0,0,0,0,0,0,0,0,0,-1
19,20,96.16572366,1.202071546,-0.00072791,-0.00072791,-0.00072791,0,0,1,1,1,1,1,0,0
19,192,149.5968342,1.869960428,-0.00274071,-0.00274071,-0.00274071,0,0,1,1,1,1,1,0,0
20,21,62.59573131,0.782446641,-0.004952475,-0.004952475,-0.004952475,0,0,1,1,0,0,1,0,0
20,194,138.1742901,1.727178626,0.005355632,0.005355632,0.005355632,0,0,1,1,1,1,1,1,0
21,26,62.0871977,0.776089971,0.000966383,0.000966383,0.000966383,1,0,3,1,0,0,0,0,0
22,24,51.16195638,0.639524455,0.004495573,0.004495573,0.004495573,0,0,1,1,0,0,1,0,0
22,25,50.30556545,0.628819568,-0.010735017,-0.010735017,-0.010735017,0,0,2,1,0,0,0,0,0
22,194,8.716982003,0.108962275,-0.014915077,-0.014915077,-0.014915077,0,0,0,0,0,0,0,0,-1
23,24,110.3913253,1.379891566,0.004801157,0.004801157,0.004801157,0,0,1,0,1,0,0,0,0
24,57,31.11342461,0.388917808,-0.001928432,-0.001928432,-0.001928432,0,0,1,1,0,0,0,0,0
25,60,81.46305294,1.018288162,0.002455108,0.002455108,0.002455108,1,0,2,1,0,0,0,0,0
25,195,8.099594896,0.101244936,-0.013582179,-0.013582179,-0.013582179,0,1,0,0,0,0,0,0,1
25,196,7.942143088,0.099276789,-0.007554852,-0.007554852,-0.007554852,0,1,0,0,0,0,0,0,1
26,195,192.7721399,2.409651003,0.002443673,0.003186234,0.001546383,1,0,2,1,0,0,0,0,0
26,198,9.635192472,0.120439906,-0.004151484,-0.004151484,-0.004151484,0,1,0,0,0,0,0,0,1
26,199,9.765916722,0.122073959,0.004095912,0.004095912,0.004095912,0,1,0,0,0,0,0,0,1
27,28,79.25748592,0.990715856,0.002195044,0.00675458,0.001213356,0,0,1,1,0,0,1,0,0
27,29,34.43453638,0.430431705,0.006389065,0.006389065,0.006389065,0,0,1,1,0,0,0,0,0
27,199,82.04029524,1.025503649,-0.000947856,-0.000468545,-0.00101639,0,0,1,1,0,0,1,0,0
28,31,26.19545991,0.327443249,-0.016035374,-0.016035374,-0.016035374,0,0,0,0,0,0,0,0,0
29,30,56.91427637,0.711428455,0.002284143,0.002284143,0.002284143,0,0,1,1,0,0,0,0,0
29,31,80.09064178,1.001133022,-0.005868452,-0.005868452,-0.005868452,0,0,1,1,0,0,0,0,0
30,37,59.78373464,0.747296683,0,0,0,0,0,1,1,1,0,0,0,0
30,38,37.11632401,0.46395405,-0.009430232,-0.009430232,-0.009430232,0,0,1,0,0,0,0,0,0
30,39,121.3347597,1.516684497,0.003543937,0.003543937,0.003543937,0,0,1,1,1,0,0,0,0
31,32,68.27867372,0.853483421,0.009227286,0.009227286,0.009227286,0,0,1,0,0,0,0,0,0
31,36,104.456405,1.30570048,0.000709243,0.005787644,-0.000716656,0,0,1,1,0,0,0,0,0
31,37,108.5352183,1.356640638,0.007717138,0.013269804,-0.008488062,0,0,0,1,0,0,0,0,0
32,33,42.96328752,0.537041094,0,0,0,0,0,0,0,0,0,0,0,0
32,35,98.01799595,1.225224949,-0.016733964,-0.016733964,-0.016733964,0,0,1,1,0,0,0,0,0
32,196,46.57213184,0.582151648,0.000858883,0.000858883,0.000858883,0,0,2,1,0,0,0,0,0
32,197,46.26135709,0.578266964,-0.002161636,-0.002161636,-0.002161636,0,0,2,1,0,0,0,0,0
33,34,101.1558054,1.264447567,-0.019577516,-0.019577516,-0.019577516,0,0,1,1,0,0,0,0,0
33,105,42.68215227,0.533526903,-0.002342906,-0.002342906,-0.002342906,0,0,1,0,0,0,0,0,0
34,35,44.7027408,0.55878426,0.007606018,0.007606018,0.007606018,0,0,1,0,0,0,0,0,0
34,48,125.6836798,1.571045998,-0.004694376,-0.004694376,-0.004694376,0,0,1,0,0,0,1,0,0
34,106,42.15962479,0.52699531,-0.003557929,-0.003557929,-0.003557929,0,0,1,1,1,0,0,0,0
35,36,47.16900803,0.5896126,0.022690225,0.022690225,0.022690225,0,0,1,1,0,0,0,0,0
35,47,126.5739065,1.582173831,-0.006320544,-0.006320544,-0.006320544,0,0,1,1,0,0,0,0,0
36,37,36.16581735,0.452072717,0.014932891,0.014932891,0.014932891,0,0,1,0,1,0,0,0,0
36,46,124.5853709,1.557317136,-0.008107157,-0.008107157,-0.008107157,0,0,1,1,0,0,0,0,0
37,43,125.0356913,1.562946141,-0.004958645,-0.004958645,-0.004958645,0,0,1,1,0,0,0,0,0
38,40,118.7706294,1.484632867,0.002273295,0.002273295,0.002273295,1,0,2,1,1,0,0,0,0
38,199,137.0355146,1.712943932,-0.000437843,-0.000437843,-0.000437843,1,0,3,1,0,0,0,0,0
39,40,35.84525165,0.448065646,-0.014229266,-0.014229266,-0.014229266,0,0,1,1,1,0,0,0,0
39,41,21.63777914,0.270472239,-0.017102222,-0.017102222,-0.017102222,0,0,1,1,1,0,0,0,0
40,42,59.41522222,0.742690278,0.002019689,0.002019689,0.002019689,1,0,2,1,1,0,0,0,0
41,42,70.80053025,0.885004909,-0.000287111,0.002679242,-0.001652688,0,0,1,1,0,0,0,0,0
41,43,30.29065963,0.378633245,-0.022454823,-0.022454823,-0.022454823,0,0,1,0,0,0,0,0,0
42,45,43.68605864,0.546075733,-0.008698756,-0.008698756,-0.008698756,0,0,1,0,0,0,0,0,0
42,54,101.4525888,1.268157359,-0.006801364,-0.006801364,-0.006801364,1,0,2,1,0,0,0,0,0
43,44,109.2104966,1.365096794,-0.011725692,-0.0061085,-0.019213756,0,0,1,1,1,1,1,0,0
43,45,103.7060505,1.296315061,0.003217998,0.00514493,-0.005730519,0,0,1,1,0,0,0,0,0
43,46,35.92186295,0.449023287,-0.025898207,-0.025898207,-0.025898207,0,0,1,0,1,1,0,1,0
44,47,55.69797953,0.696224744,-0.009875166,-0.009875166,-0.009875166,0,0,1,0,1,1,1,0,0
44,52,69.36202557,0.86702532,0.006343656,0.006343656,0.006343656,0,0,1,1,0,0,0,0,0
46,47,45.23960876,0.56549511,-0.019013326,-0.019013326,-0.019013326,0,0,1,1,1,1,0,1,0
47,48,44.1856489,0.552320611,-0.002942144,-0.002942144,-0.002942144,0,0,1,0,0,0,0,0,0
48,49,124.4934664,1.556168329,0.006506503,0.006506503,0.006506503,0,0,1,1,0,0,0,0,0
48,107,42.75071162,0.534383895,-0.014738197,-0.014738197,-0.014738197,0,0,1,0,0,0,0,0,0
49,50,54.14029539,0.676744472,0.012303881,0.016155298,0.000660558,0,0,1,0,0,0,0,0,0
49,52,42.85628159,0.53570352,0.007233668,0.007233668,0.007233668,0,0,1,1,0,0,1,0,0
49,101,42.08913828,0.526114228,-0.005702276,-0.005702276,-0.005702276,0,0,1,1,0,0,0,0,0
50,100,96.54574408,1.206799966,0.000410889,0.006864839,-0.021287285,0,0,1,0,1,0,0,0,0
55,205,8.079713052,0.100996413,-0.003713029,-0.003713029,-0.003713029,0,1,0,0,0,0,0,0,1
55,207,127.2702007,1.590877508,-0.001650035,-0.001650035,-0.001650035,1,0,3,1,0,0,0,0,0
56,206,9.147212941,0.114340162,0.002186464,0.002186464,0.002186464,0,1,0,0,0,0,0,0,1
56,207,8.917358936,0.111466987,-0.005607129,-0.005607129,-0.005607129,0,1,0,0,0,0,0,0,1
57,58,87.66269842,1.09578373,-0.002851852,-0.002851852,-0.002851852,0,0,1,0,0,0,1,0,0
57,59,51.75738622,0.646967328,-0.001545675,-0.001545675,-0.001545675,0,0,1,1,0,0,1,0,0
57,60,48.32972097,0.604121512,-0.0105531,-0.0105531,-0.0105531,0,0,1,1,0,0,0,0,0
58,61,52.90499987,0.661312498,0.003402345,0.003402345,0.003402345,0,0,1,0,1,0,0,0,0
58,63,91.14346001,1.13929325,-0.006473447,-0.006473447,-0.006473447,0,0,1,1,1,0,0,0,0
58,66,47.27834099,0.590979262,-0.004864864,-0.004864864,-0.004864864,0,0,1,0,0,0,0,0,0
58,210,45.62934925,0.570366866,-0.004383186,-0.004383186,-0.004383186,0,0,1,0,0,0,0,0,0
59,61,86.4758188,1.080947735,0.000115639,0.000115639,0.000115639,0,0,1,1,0,0,1,0,0
60,209,9.182118494,0.114776481,0,0,0,0,0,0,0,0,0,0,0,-1
60,210,83.97566471,1.049695809,0.000714493,0.000714493,0.000714493,1,0,2,1,0,0,1,0,0
61,62,92.61670571,1.157708821,-0.004750816,-0.004750816,-0.004750816,0,0,1,1,0,0,0,0,0
62,63,53.03788913,0.662973614,-0.006222088,-0.006222088,-0.006222088,0,0,1,1,0,0,0,0,0
62,64,115.6210479,1.445260078,-0.006349347,-0.004742364,-0.008358155,0,0,1,1,0,1,1,0,0
63,65,105.1985973,1.314982466,-0.006083844,-0.006083844,-0.006083844,0,0,1,1,0,0,0,0,0
63,68,45.03120732,0.562890091,-0.005329713,-0.005329713,-0.005329713,0,0,1,0,0,0,0,0,0
64,65,42.36056076,0.52950701,-0.005665738,-0.005665738,-0.005665738,0,0,2,0,0,0,0,0,0
65,70,42.53598627,0.531699828,-0.005877478,-0.005877478,-0.005877478,0,0,2,1,0,0,0,0,0
65,108,106.0627243,1.325784055,-0.002074249,-0.002074249,-0.002074249,0,0,1,1,0,0,1,0,0
65,215,42.86688182,0.535836023,-0.005132235,-0.005132235,-0.005132235,0,0,2,1,0,0,0,0,0
66,68,87.29975126,1.091246891,-0.006873034,-0.006873034,-0.006873034,1,0,2,1,0,0,0,0,0
66,210,6.180858223,0.077260728,0.004853752,0.004853752,0.004853752,0,1,0,0,0,0,0,0,1
66,211,8.721350668,0.109016883,-0.001146612,-0.001146612,-0.001146612,0,1,0,0,0,0,0,0,1
67,97,41.08324612,0.513540577,-0.007059014,-0.007059014,-0.007059014,0,0,1,1,0,0,0,0,0
67,98,103.3276093,1.291595116,-0.010549558,-0.010549558,-0.010549558,0,0,1,1,0,0,1,0,0
67,104,43.15348411,0.539418551,0.001158656,0.001158656,0.001158656,0,0,1,1,0,0,0,0,0
67,211,40.23692824,0.502961603,0.008201697,0.008201697,0.008201697,0,0,2,1,0,0,1,0,0
67,212,40.5545164,0.506931455,0.00863068,0.00863068,0.00863068,0,0,2,1,0,0,1,0,0
68,69,40.01113796,0.500139224,-0.008747899,-0.008747899,-0.008747899,0,0,2,1,0,0,1,0,0
69,215,53.13017387,0.664127173,-0.005081924,-0.005081924,-0.005081924,1,0,2,1,0,0,0,0,0
70,117,111.975015,1.399686896,-0.000984665,0.000271849,-0.002040362,1,0,2,1,0,0,1,0,0
70,215,6.293084366,0.078663555,0.004767192,0.004767192,0.004767192,0,1,0,0,0,0,0,0,1
70,216,9.292711311,0.116158891,-0.004304489,-0.004304489,-0.004304489,0,1,0,0,0,0,0,0,1
71,72,57.02661768,0.712832721,-0.002104285,-0.002104285,-0.002104285,0,0,1,1,0,0,0,0,0
71,74,101.7009212,1.271261516,-0.006293086,-0.006293086,-0.006293086,0,0,2,1,0,0,1,0,0
71,88,55.02382584,0.687797823,0.008542066,0.008542066,0.008542066,0,0,1,1,0,0,0,0,0
71,216,39.64015234,0.495501904,0.00958668,0.00958668,0.00958668,0,0,2,1,0,0,0,0,0
71,217,39.79671857,0.497458982,0.010805542,0.010805542,0.010805542,0,0,2,1,0,0,0,0,0
71,219,100.5765347,1.257206684,-0.005965712,-0.005965712,-0.005965712,0,0,2,1,0,0,1,0,0
72,73,88.9031738,1.111289672,-0.00719903,-0.00719903,-0.00719903,0,0,1,1,0,0,1,0,0
72,118,61.46394162,0.76829927,0.000976183,0.000976183,0.000976183,0,0,1,1,0,0,0,0,0
73,74,52.72954236,0.659119279,0.00227577,0.00227577,0.00227577,1,0,2,1,0,0,0,0,0
73,136,55.1387821,0.689234776,0.007073238,0.007073238,0.007073238,1,0,2,1,1,0,0,0,0
74,219,5.50093702,0.068761713,0.007271681,0.007271681,0.007271681,0,1,0,0,0,0,0,0,1
74,220,6.057635112,0.075720439,0.003301636,0.003301636,0.003301636,0,1,0,0,0,0,0,0,1
75,76,37.37260789,0.467157599,-0.00428125,-0.00428125,-0.00428125,0,0,2,1,1,1,0,0,0
75,86,43.7897744,0.54737218,0.00753622,0.00753622,0.00753622,0,0,1,1,0,0,0,0,0
75,220,55.15706488,0.689463311,0.016681961,0.016681961,0.016681961,0,0,2,1,1,1,1,0,0
75,221,56.14982951,0.701872869,0.017099613,0.017099613,0.017099613,0,0,2,1,1,0,1,0,0
76,77,52.20808639,0.65260108,0.013025907,0.013025907,0.013025907,0,0,1,1,1,1,1,0,0
76,82,102.944431,1.286805388,-0.005731342,-0.005731342,-0.005731342,0,0,2,1,0,0,1,0,0
76,83,74.72140998,0.934007181,-0.003475972,0.00133942,-0.008020081,0,0,1,1,0,0,0,0,0
77,78,95.39588557,1.19244857,-0.011321969,-0.011321969,-0.011321969,0,0,1,0,0,0,1,0,0
77,137,50.28665735,0.628583217,0.00954571,0.00954571,0.00954571,0,0,1,1,1,1,0,0,0
78,79,81.37536756,1.017192095,-0.000122887,-0.000122887,-0.000122887,0,0,1,0,1,1,0,0,0
78,81,33.36413195,0.417051649,-0.003896429,-0.003896429,-0.003896429,0,0,1,1,0,0,0,0,0
78,138,53.08251699,0.663531462,-0.004332917,-0.004332917,-0.004332917,0,0,1,1,0,0,0,0,0
79,80,23.37591659,0.292198957,0.005561365,0.005561365,0.005561365,0,0,1,0,1,0,0,0,0
79,150,53.30777447,0.666336575,-0.005117262,0.000364391,-0.010826191,0,0,1,0,1,0,0,0,0
80,81,91.91202433,1.148900304,-0.002720002,-0.002720002,-0.002720002,0,0,1,1,0,0,0,0,0
81,82,22.09365702,0.275964332,-0.002969141,0.056902821,-0.02857418,0,0,1,1,0,0,1,0,0
82,84,55.78730659,0.697304216,-0.009647879,-0.003544847,-0.027237376,0,0,1,1,1,0,0,0,0
83,84,85.80066316,1.072508289,-0.010023736,-0.010023736,-0.010023736,0,0,1,1,0,0,0,0,0
83,85,44.56396443,0.557049555,-0.00583441,-0.00583441,-0.00583441,0,0,1,0,0,0,1,0,0
83,86,63.89132237,0.79864153,0.010487134,0.010487134,0.010487134,0,0,1,1,1,0,0,0,0
85,91,125.4965885,1.568707357,0.008287362,0.008287362,0.008287362,0,0,1,1,0,0,1,0,0
85,94,41.21909569,0.515238696,-0.000970424,-0.000970424,-0.000970424,0,0,1,0,0,0,1,0,0
85,223,123.4655389,1.543319236,0.016038926,0.016038926,0.016038926,0,0,1,1,0,0,1,0,0
86,222,60.63620679,0.757952585,0.012369794,0.012369794,0.012369794,0,0,1,1,0,0,1,0,0
87,88,103.3865492,1.292331865,0.008125116,0.008125116,0.008125116,0,0,1,1,0,0,1,0,0
87,90,41.48469344,0.518558668,0.005544299,0.005544299,0.005544299,1,0,2,1,0,0,0,0,0
87,219,46.01275228,0.575159403,-0.004998677,-0.004998677,-0.004998677,1,0,2,1,0,0,1,0,0
87,222,5.214843395,0.065185542,-0.017260999,-0.017260999,-0.017260999,0,0,0,0,0,0,0,0,-1
88,89,39.38116682,0.492264585,0.006602284,0.006602284,0.006602284,0,0,1,1,0,0,0,0,0
88,214,40.66837833,0.508354729,0.006147398,0.006147398,0.006147398,0,0,1,0,0,0,0,0,0
89,90,101.5469525,1.269336906,-0.00856778,-0.00856778,-0.00856778,0,0,1,1,0,0,1,0,0
89,97,46.91302058,0.586412757,0.006608118,0.006608118,0.006608118,0,0,2,1,0,0,0,0,0
90,96,44.84619459,0.560577432,0.005574696,0.005574696,0.005574696,0,0,2,1,0,0,0,0,0
90,223,5.410658931,0.067633237,-0.003696433,-0.003696433,-0.003696433,0,0,0,0,0,0,0,0,-1
91,92,41.2204675,0.515255844,0.004366804,0.004366804,0.004366804,0,0,2,1,0,0,0,0,0
92,93,43.36821506,0.542102688,0.002305842,0.002305842,0.002305842,0,0,2,1,0,0,0,0,0
92,94,125.4994539,1.568743174,-0.01004039,-0.01004039,-0.01004039,0,0,1,1,0,0,0,0,0
92,151,85.87802524,1.073475315,-0.017352801,-0.017352801,-0.017352801,0,0,1,1,0,0,0,0,0
93,95,124.6102888,1.55762861,-0.009790993,-0.009790993,-0.009790993,0,0,1,1,0,0,0,0,0
93,99,42.36650654,0.529581332,0.003776595,0.003776595,0.003776595,0,0,2,1,0,0,0,0,0
93,151,114.0279204,1.424606989,-0.015486192,0.018880728,-0.04583561,0,0,1,1,0,0,1,0,0
94,95,42.8588802,0.535736003,0.003266552,0.003266552,0.003266552,0,0,1,0,0,0,1,0,0
94,224,123.3454697,1.541818372,0.018244484,0.018244484,0.018244484,0,0,1,1,0,0,0,0,0
95,102,44.34383845,0.554297981,0.001353064,0.001353064,0.001353064,0,0,1,1,0,0,1,0,0
95,225,121.4543926,1.518179907,0.017704892,0.017704892,0.017704892,0,0,1,1,0,0,1,0,0
96,97,100.6087767,1.257609709,0.009244121,0.009244121,0.009244121,0,0,1,1,0,0,1,0,0
96,98,42.12243852,0.526530482,0.003086256,0.003086256,0.003086256,0,0,2,1,0,0,0,0,0
96,224,5.634506144,0.070431327,-0.007099293,-0.007099293,-0.007099293,0,0,0,0,0,0,0,0,-1
98,103,42.28244954,0.528530619,-0.013481996,-0.013481996,-0.013481996,0,0,2,1,0,0,0,0,0
98,225,6.122899046,0.076536238,-0.02123656,-0.02123656,-0.02123656,0,0,0,0,0,0,0,0,-1
99,100,64.9275685,0.811546736,0.015398026,0.024654352,0.002559854,0,0,1,1,0,0,0,0,0
99,101,44.5594247,0.556992809,0,0,0,0,0,1,0,1,0,0,0,0
99,102,125.3906478,1.567383097,-0.010527684,-0.010527684,-0.010527684,0,0,1,1,0,0,0,0,0
100,101,70.21511319,0.877648585,-0.013873173,-0.004268758,-0.022918576,0,0,1,0,1,0,0,0,0
101,107,124.2379973,1.552974967,-0.009659331,-0.009659331,-0.009659331,0,0,1,1,0,0,0,0,0
102,103,124.6151137,1.557688921,0.01324193,0.01324193,0.01324193,0,0,1,1,0,0,1,0,0
102,107,43.3692383,0.542115479,0.002766949,0.002766949,0.002766949,0,0,1,0,0,0,0,0,0
103,104,104.0349442,1.300436803,0.016439006,0.016439006,0.016439006,0,0,1,1,0,0,0,0,0
103,106,44.09827701,0.551228463,-0.010431814,-0.010431814,-0.010431814,0,0,1,1,0,0,1,0,0
103,225,43.64924451,0.545615556,0.01008087,0.01008087,0.01008087,0,0,2,1,0,0,0,0,0
104,105,45.00755257,0.562594407,-0.003110604,-0.003110604,-0.003110604,0,0,1,0,0,0,1,0,0
105,106,104.7543966,1.309429957,-0.019382301,-0.019382301,-0.019382301,0,0,1,1,0,0,0,0,0
105,209,43.3154428,0.541443035,0.009234976,0.009234976,0.009234976,0,0,1,0,0,0,0,0,0
106,107,123.1516955,1.539396194,-0.008688799,-0.008688799,-0.008688799,0,0,1,1,0,0,0,0,0
108,109,67.62607401,0.845325925,-0.002957452,-0.002957452,-0.002957452,0,0,1,1,1,0,0,0,0
108,117,36.17494721,0.45218684,-0.003870111,-0.003870111,-0.003870111,0,0,1,0,0,0,0,0,0
109,110,69.00184399,0.86252305,-0.000144924,-0.000144924,-0.000144924,0,0,1,1,0,0,0,0,0
110,111,51.60349614,0.645043702,0.005813658,0.005813658,0.005813658,0,0,1,1,0,0,0,0,0
110,112,130.1401022,1.626750926,-0.001633137,-0.000842641,-0.002259803,0,0,1,1,1,0,0,0,0
111,113,128.0536787,1.600670991,-0.001426593,-0.00117812,-0.001715386,1,0,2,1,0,0,1,0,0
111,117,144.7727552,1.80965944,-0.001588699,-0.001588699,-0.001588699,1,0,2,1,0,0,0,0,0
112,113,39.46586462,0.493323308,0.008361949,0.008361949,0.008361949,0,0,1,0,1,0,0,0,0
112,114,144.1796133,1.802243012,-0.001673323,0.000270883,-0.003338594,0,0,1,1,1,0,0,0,0
113,116,68.21025973,0.852628247,-0.002638908,-0.002638908,-0.002638908,1,0,2,1,0,0,0,0,0
114,115,51.87125556,0.648390694,0.00366294,0.00366294,0.00366294,0,0,1,0,0,0,0,0,0
115,116,64.57284401,0.80716055,0.003097292,0.003097292,0.003097292,1,0,2,0,0,0,0,0,0
115,169,46.41164845,0.580145606,0.002370101,0.002370101,0.002370101,0,0,2,1,0,0,0,0,0
118,119,51.9899209,0.649874011,0.005001032,0.005001032,0.005001032,0,0,1,1,0,0,1,0,0
118,136,75.48473826,0.943559228,-0.004106825,-0.004106825,-0.004106825,0,0,1,1,0,0,1,0,0
118,230,53.84599398,0.673074925,0.006685884,0.006685884,0.006685884,0,0,1,1,0,0,1,0,0
119,120,60.85818319,0.76072729,0.002136119,0.002136119,0.002136119,0,0,1,1,0,0,0,0,0
119,121,87.88296398,1.09853705,0.002161971,0.002161971,0.002161971,0,0,1,1,1,0,0,0,0
120,134,39.88537068,0.498567133,-0.004262253,-0.004262253,-0.004262253,1,0,2,1,0,0,1,0,0
120,136,42.04226211,0.525528276,-0.016652221,-0.016652221,-0.016652221,1,0,2,1,0,0,0,0,0
120,231,6.309506552,0.078868832,-0.084298162,-0.084298162,-0.084298162,0,0,0,0,0,0,0,0,-1
121,122,46.9267941,0.586584926,-0.006179956,-0.006179956,-0.006179956,0,0,1,0,0,0,0,0,0
121,123,71.80735473,0.897591934,0.001253354,0.001253354,0.001253354,0,0,1,1,0,0,0,0,0
121,226,40.67261074,0.508407634,0.00319627,0.00319627,0.00319627,0,0,1,0,1,0,1,0,0
122,124,71.4322519,0.892903149,0.004339817,0.004339817,0.004339817,0,0,1,1,0,0,0,0,0
122,134,53.85869144,0.673233643,0.001114027,0.001114027,0.001114027,0,0,2,0,0,0,1,0,0
122,232,5.229596486,0.065369956,-0.015299338,-0.015299338,-0.015299338,0,0,0,0,0,0,0,0,-1
123,124,32.02147152,0.400268394,-0.002186038,-0.002186038,-0.002186038,0,0,1,0,0,0,0,0,0
123,125,62.8807685,0.786009606,-0.000318062,-0.000318062,-0.000318062,0,0,2,1,0,0,0,0,0
124,126,67.96316606,0.849539576,0.002795643,0.002795643,0.002795643,1,0,2,1,0,0,0,0,0
124,233,5.410783086,0.067634789,-0.01108965,-0.01108965,-0.01108965,0,0,0,0,0,0,0,0,-1
125,126,26.87584323,0.33594804,0.00520921,0.00520921,0.00520921,0,0,1,0,1,0,0,0,0
125,227,62.05542112,0.775692764,-0.001128025,-0.001128025,-0.001128025,0,0,1,1,1,0,0,0,0
126,127,44.0194481,0.550243101,0.002953253,0.002953253,0.002953253,0,0,2,0,1,0,0,0,0
126,234,6.28985936,0.078623242,-0.011129714,-0.011129714,-0.011129714,0,0,0,0,0,0,0,0,-1
127,128,69.74253258,0.871779462,-0.000432316,0.004070803,-0.001636268,0,0,1,1,0,0,1,0,0
127,229,84.98324897,1.062290612,-0.006354322,-0.006354322,-0.006354322,0,0,1,1,0,0,0,0,0
127,235,3.900529208,0.048756615,-0.015384348,-0.015384348,-0.015384348,0,0,0,0,0,0,0,0,-1
128,171,35.26478288,0.440809786,-0.001134277,-0.001134277,-0.001134277,0,0,1,0,0,0,0,0,0
128,228,83.65270308,1.045658789,-0.008248669,-0.008248669,-0.008248669,0,0,2,0,0,0,0,0,0
128,236,3.885785136,0.048572314,-0.028319657,-0.028319657,-0.028319657,0,0,0,0,0,0,0,0,-1
129,130,43.60363075,0.545045384,-0.023628479,-0.023628479,-0.023628479,0,0,1,0,1,0,0,0,0
129,131,99.29771852,1.241193397,-0.001217443,0.004667927,-0.012076249,0,0,1,1,0,0,0,0,0
129,236,40.3156425,0.503945531,0.068870575,0.068870575,0.068870575,0,0,1,1,0,0,0,0,0
130,140,156.4952042,1.956169228,0.002224348,0.006755714,-0.002495566,0,0,1,1,0,0,1,0,0
130,142,31.23663946,0.390457993,0.008964193,0.008964193,0.008964193,0,0,1,1,0,0,0,0,0
131,132,74.96090996,0.937011375,0.00173424,0.00173424,0.00173424,0,0,1,1,0,0,0,0,0
131,234,46.90243694,0.586280462,0.060448153,0.060448153,0.060448153,0,0,2,0,0,0,1,0,0
132,133,80.31757629,1.003931724,-0.001808522,0.014844124,-0.008990201,0,0,1,0,0,0,0,0,0
132,140,35.80560625,0.447570078,-0.019553748,-0.019553748,-0.019553748,0,0,1,0,0,0,0,0,0
132,233,69.07863915,0.863482989,0.036504461,0.036504461,0.036504461,0,0,1,1,1,0,1,0,0
133,135,55.6592777,0.695682925,0.010531437,0.025995251,-0.002147957,0,0,1,1,0,0,0,0,0
133,232,88.04315797,1.100539475,0.026473566,0.026473566,0.026473566,0,0,1,1,0,0,1,0,0
134,237,4.470225094,0.055877814,-0.058261248,-0.058261248,-0.058261248,0,0,0,0,0,0,0,0,-1
135,138,91.5715768,1.14464471,-0.006443181,-0.006443181,-0.006443181,0,0,1,1,0,0,1,0,0
135,139,47.03625402,0.587953175,-0.025520542,-0.025520542,-0.025520542,0,0,1,1,0,0,0,0,0
135,237,99.70970175,1.246371272,0.016449973,0.016449973,0.016449973,0,0,1,1,0,0,0,0,0
136,238,5.411042016,0.067638025,-0.001848076,-0.001848076,-0.001848076,0,0,0,0,0,0,0,0,-1
137,138,70.77797708,0.884724714,-0.025298444,-0.025298444,-0.025298444,0,0,1,1,0,0,1,0,0
137,238,80.25995379,1.003249422,0.001993526,0.001993526,0.001993526,0,0,2,1,1,1,0,0,0
138,150,86.96756184,1.087094371,-0.00066188,-0.000397067,-0.001752301,0,0,1,1,0,0,0,0,0
138,231,171.0953349,2.138663251,0.014017421,0.016878215,0.001612265,0,0,1,1,0,0,0,0,0
139,140,130.3216805,1.629021006,0.000537133,0.000537133,0.000537133,0,0,1,1,0,0,0,0,0
139,148,52.507552,0.6563444,0.007237244,0.007237244,0.007237244,0,0,1,1,0,0,1,0,0
139,149,71.71488447,0.896390783,0.004290143,0.01521515,-0.004907405,0,0,1,1,0,0,0,0,0
140,141,34.84656344,0.435582043,0.00200881,0.00200881,0.00200881,0,0,1,1,0,0,0,0,0
141,143,158.4290574,1.980357576,-0.002173589,-0.000420722,-0.005716444,0,0,1,1,0,0,1,0,0
141,147,34.63625589,0.432953199,-0.00288716,-0.00288716,-0.00288716,0,0,1,0,0,0,0,0,0
141,148,147.3638393,1.842048007,0.001823925,0.00179318,0.000523563,0,0,1,0,0,0,1,0,0
142,143,31.53105444,0.39413818,-0.006343081,-0.006343081,-0.006343081,0,0,1,0,0,0,0,0,0
143,144,34.99896005,0.437487001,0.005428813,0.005428813,0.005428813,0,0,1,0,0,0,1,0,0
144,145,57.09430482,0.71367881,0.004904226,0.004904226,0.004904226,0,0,1,0,0,0,0,0,0
144,147,125.9536432,1.574418341,0.000329709,0.004444775,-0.000482324,0,0,1,1,1,1,0,0,0
145,146,167.845386,2.098044651,0.000729627,0.011457324,-0.002430855,0,0,1,1,1,1,0,0,0
146,147,66.31362383,0.828920298,-0.005428829,-0.005428829,-0.005428829,0,0,1,1,0,0,1,0,0
146,148,67.78894742,0.847359252,-0.000296031,0.00122376,-0.004264501,0,0,1,1,0,0,0,0,0
148,149,33.21864579,0.415233072,-0.004515582,-0.004515582,-0.004515582,0,0,1,1,0,0,0,0,0
149,150,43.82053838,0.54775673,0.007530929,0.007530929,0.007530929,0,0,1,0,0,0,0,0,0
151,152,62.78927911,0.784865989,0.000159263,0.000159263,0.000159263,0,0,1,0,1,0,0,0,0
152,153,55.27871278,0.69098391,-0.000723606,-0.000723606,-0.000723606,0,0,1,0,0,0,0,0,0
152,154,40.61588976,0.507698622,0.023396261,0.023396261,0.023396261,0,0,1,1,0,0,1,0,0
153,155,47.23588668,0.590448584,0.040680682,0.040680682,0.040680682,1,0,1,1,0,0,0,0,0
154,155,50.44631056,0.630578982,0.0187659,0.021280076,0.011225597,0,0,1,1,0,0,1,0,0
155,156,102.079021,1.275987763,0.011854395,0.011854395,0.011854395,1,0,2,1,0,0,0,0,0
156,157,78.85925093,0.985740637,0.007101438,0.007101438,0.007101438,0,0,1,0,0,0,0,0,0
156,168,39.35947302,0.491993413,-0.000762206,-0.000762206,-0.000762206,1,0,2,1,0,0,0,0,0
157,158,41.03908839,0.512988605,0.000731011,0.000731011,0.000731011,0,0,1,1,0,0,0,0,0
158,159,35.74664689,0.446833086,-0.005874778,-0.005874778,-0.005874778,0,0,1,1,0,0,1,0,0
158,160,178.7485616,2.23435702,0.008224121,0.008224121,0.008224121,0,0,1,0,1,0,0,0,0
159,161,176.6863252,2.208579065,0.007697485,0.007697485,0.007697485,0,0,1,1,0,0,1,0,0
159,168,47.23736132,0.590467016,-0.008679897,-0.008679897,-0.008679897,0,0,1,1,0,0,0,0,0
160,161,29.80118488,0.372514811,-0.010738447,-0.010738447,-0.010738447,0,0,1,0,0,0,0,0,0
160,162,86.93136503,1.086641047,0.002139138,0.00424169,0.001168294,0,0,1,1,0,0,0,0,0
161,163,73.862334,0.923279175,0.003384694,0.003384694,0.003384694,0,0,1,1,0,0,0,0,0
161,167,46.61905747,0.582738218,-0.015017012,-0.015017012,-0.015017012,0,0,1,1,0,0,0,0,0
162,163,43.2712329,0.540890411,-0.005315385,-0.005315385,-0.005315385,0,0,1,1,0,0,0,0,0
162,164,34.19162124,0.427395106,0.001004421,0.002116005,0.000404207,0,0,1,0,0,0,0,0,0
163,165,29.62924363,0.370365545,0.002700045,0.002700045,0.002700045,0,0,1,1,0,0,0,0,0
164,165,60.17391106,0.752171626,-0.003064083,-0.002354693,-0.010071262,0,0,1,0,0,0,0,0,0
164,181,295.2052556,3.689999867,-0.0140714,0.026259722,-0.015308663,1,0,2,1,1,0,0,0,0
165,166,55.59606428,0.694950803,-0.005396144,-0.005396144,-0.005396144,0,0,1,0,0,0,0,0,0
166,167,105.5363839,1.319204798,-0.006917211,-0.006917211,-0.006917211,1,0,2,1,0,0,0,0,0
167,168,178.6219174,2.232773967,-0.005990414,-0.005990414,-0.005990414,1,0,2,1,0,0,0,0,0
170,171,41.81547354,0.522693419,0.005500439,0.005500439,0.005500439,0,0,1,1,0,0,0,0,0
170,239,40.41814885,0.505226861,-0.007917484,-0.007917484,-0.007917484,0,0,1,0,1,0,0,0,0
171,173,101.1488428,1.264301612,-0.024610906,-0.010318377,-0.037805377,0,0,1,0,0,0,0,0,0
171,236,38.67481392,0.483435174,-0.001809966,-0.001809966,-0.001809966,0,0,1,0,0,0,0,0,0
172,176,80.28425562,1.003553195,0.011210873,0.011210873,0.011210873,1,0,2,1,0,0,0,0,0
173,175,50.17185559,0.627148195,-0.010564281,-0.010564281,-0.010564281,0,0,1,0,1,0,0,0,0
173,179,32.14098093,0.401762262,-0.038920604,-0.038920604,-0.038920604,0,0,1,0,0,0,0,0,0
173,240,116.1111944,1.451385157,0.011234708,0.013573557,0.009655435,0,0,1,0,0,0,0,0,0
174,175,70.37649253,0.879706157,-0.019754767,-0.019754767,-0.019754767,0,0,1,0,1,0,0,0,0
174,240,77.28018811,0.966001218,0.007407441,0.00727182,0.003606493,0,0,1,0,0,0,0,0,0
175,178,35.11481351,0.438935169,-0.031341192,-0.031341192,-0.031341192,0,0,1,0,1,0,0,0,0
176,241,12.05367735,0.150670967,-0.004148147,-0.004148147,-0.004148147,0,1,0,0,0,0,0,0,1
177,178,40.41879781,0.505234973,0.00371117,0.00371117,0.00371117,1,0,1,1,0,0,0,0,0
177,180,176.218137,2.202726712,0.000680974,0.000680974,0.000680974,1,0,2,1,0,0,0,0,0
177,241,135.570309,1.694628863,0.029517837,0.029517837,0.029517837,1,0,2,1,1,0,0,0,0
178,179,43.31173518,0.54139669,0.008773941,0.008773941,0.008773941,1,0,1,1,0,0,0,0,0
179,180,241.2007138,3.014987274,-0.001983245,0.008116163,-0.00681147,1,0,1,1,0,0,0,0,0
180,181,76.65026165,0.958128271,0.032763709,0.032763709,0.032763709,1,0,2,1,0,0,0,0,0
182,183,83.46371692,1.043296461,-0.014858395,-0.014858395,-0.014858395,0,0,2,1,0,0,0,0,0
183,185,9.968899701,0.124611246,-0.004012511,-0.004012511,-0.004012511,0,0,0,0,0,0,0,0,1
184,185,10.16445518,0.12705569,0.006886907,0.006886907,0.006886907,0,0,0,0,0,0,0,0,1
185,186,46.41800392,0.580225049,0.006247698,0.006247698,0.006247698,0,0,2,1,0,0,0,0,0
185,189,127.0274744,1.587843429,0.012124253,0.012124253,0.012124253,0,0,2,1,0,0,0,0,0
186,187,109.5821536,1.36977692,0.00720939,0.00720939,0.00720939,0,0,2,1,0,0,1,0,0
187,188,51.78903827,0.647362978,0,0,0,0,0,2,1,0,0,0,0,0
188,207,23.32465106,0.291558138,-0.002572394,-0.002572394,-0.002572394,0,0,2,1,0,0,0,0,0
189,191,6.734633186,0.084182915,0.008909525,0.008909525,0.008909525,0,1,0,0,0,0,0,0,1
190,191,8.240336373,0.103004205,0.013350159,0.013350159,0.013350159,0,1,0,0,0,0,0,0,1
191,192,42.12697651,0.526587206,0.011632289,0.011632289,0.011632289,0,0,2,1,0,0,0,0,0
192,194,131.1519334,1.639399167,0.008235003,0.008235003,0.008235003,0,0,2,1,1,1,0,0,0
193,198,61.2728296,0.76591037,0.000652818,0.000652818,0.000652818,1,0,3,1,0,0,0,0,0
194,195,48.86976526,0.610872066,-0.010641128,-0.010641128,-0.010641128,0,0,2,1,0,0,0,0,0
195,197,10.70466176,0.133808272,-0.008407849,-0.008407849,-0.008407849,0,1,0,0,0,0,0,0,1
196,197,6.718792348,0.083984904,-0.020841603,-0.020841603,-0.020841603,0,1,0,0,0,0,0,0,1
196,209,82.49001542,1.031125193,0.003151912,0.003151912,0.003151912,1,0,2,1,0,0,0,0,0
197,199,191.1238914,2.389045539,-0.00178322,0.00097612,-0.003566557,1,0,2,1,0,0,0,0,0
198,200,11.50292623,0.143786578,0.001738691,0.001738691,0.001738691,0,1,0,0,0,0,0,0,1
199,200,10.38616436,0.129827055,-0.005777012,-0.005777012,-0.005777012,0,1,0,0,0,0,0,0,1
205,208,126.4136274,1.580170343,-0.001265687,-0.001265687,-0.001265687,1,0,3,1,0,0,0,0,0
206,208,9.976181552,0.124702269,-0.005012001,-0.005012001,-0.005012001,0,1,0,0,0,0,0,0,1
207,208,9.35654652,0.116956832,0.002137546,0.002137546,0.002137546,0,1,0,0,0,0,0,0,1
209,212,84.07155656,1.050894457,0.000475785,0.000475785,0.000475785,1,0,2,1,0,0,1,0,0
210,212,10.25108082,0.12813851,-0.001951017,-0.001951017,-0.001951017,0,1,0,0,0,0,0,0,1
211,212,5.824928687,0.072811609,0.003433539,0.003433539,0.003433539,0,1,0,0,0,0,0,0,1
211,213,86.37890003,1.07973625,-0.006598977,-0.006598977,-0.006598977,1,0,2,1,0,0,0,0,0
213,214,40.71214138,0.508901767,-0.009088573,-0.009088573,-0.009088573,0,0,2,1,0,0,1,0,0
215,217,9.958122576,0.124476532,-0.002008415,-0.002008415,-0.002008415,0,1,0,0,0,0,0,0,1
216,217,6.466929697,0.080836621,0.007731875,0.007731875,0.007731875,0,1,0,0,0,0,0,0,1
216,230,113.3449668,1.41681189,-0.00071465,0,-0.001020559,1,0,2,1,0,0,1,0,0
218,220,52.88042444,0.661005305,0.000756424,0.000756424,0.000756424,1,0,2,1,1,1,0,1,0
218,238,55.13718725,0.689214841,0.005078308,0.005078308,0.005078308,1,0,2,1,1,1,0,0,0
219,221,6.281373196,0.078517165,0.003184033,0.003184033,0.003184033,0,1,0,0,0,0,0,0,1
220,221,4.826954691,0.060336934,0.008287083,0.008287083,0.008287083,0,1,0,0,0,0,0,0,1
221,222,46.07909394,0.575988674,0.002604227,0.002604227,0.002604227,1,0,2,1,0,0,1,0,0
222,223,41.88869399,0.523608675,0.007162021,0.007162021,0.007162021,1,0,2,1,0,0,0,0,0
223,224,45.26122541,0.565765318,0.005081678,0.005081678,0.005081678,0,0,2,1,0,0,0,0,0
224,225,40.8041885,0.510052356,0.000980292,0.000980292,0.000980292,0,0,2,1,0,0,0,0,0
226,227,127.9278349,1.599097938,-0.00102087,-0.000923647,-0.001084091,1,0,2,1,0,0,1,0,0
226,230,145.8171785,1.822714731,-0.00150874,-0.00150874,-0.00150874,1,0,2,1,1,0,0,0,0
227,229,65.82226322,0.82277829,-0.0030385,-0.0030385,-0.0030385,1,0,2,1,0,0,0,0,0
228,229,64.67364656,0.808420582,0.002783216,0.002783216,0.002783216,1,0,2,0,0,0,0,0,0
228,239,48.46854874,0.605856859,0.002063198,0.002063198,0.002063198,0,0,2,1,0,0,0,0,0
231,237,44.03464406,0.550433051,0.002270945,0.002270945,0.002270945,1,0,2,1,0,0,1,0,0
231,238,38.81306373,0.485163297,-0.004637664,-0.004637664,-0.004637664,1,0,2,1,0,0,0,0,0
232,233,72.0725901,0.900907376,0.004578765,0.004578765,0.004578765,0,0,1,1,1,0,0,0,0
232,237,52.21284523,0.652660565,-0.002298291,-0.002298291,-0.002298291,0,0,2,0,0,0,1,0,0
233,234,68.37430757,0.854678845,0.002632577,0.002632577,0.002632577,1,0,2,1,0,0,0,0,0
234,235,45.03318605,0.562914826,0.003108833,0.003108833,0.003108833,0,0,2,0,0,0,0,0,0
235,236,64.27426892,0.803428329,-0.001247714,-0.001165492,-0.001563255,0,0,1,1,0,0,1,0,0
240,241,82.26866927,1.028358366,0.011183571,0.011183571,0.011183571,1,0,2,1,0,0,0,0,0
253,2,46.12630481,0.57657881,-0.007154452,-0.007154452,-0.007154452,0,0,1,1,0,0,0,0,0
3,2,46.12630481,0.57657881,0.007154452,0.007154452,0.007154452,0,0,1,1,0,0,0,0,0
4,2,124.0073424,1.55009178,0.003225632,0.003225632,0.003225632,0,0,1,1,0,0,0,0,0
5,3,115.6227829,1.445284787,0.003027099,0.003027099,0.003027099,0,0,1,1,0,0,1,0,0
5,4,53.47545516,0.66844319,0.005236119,0.005236119,0.005236119,0,0,1,1,1,0,0,0,0
7,6,83.26965905,1.040870738,0.014412508,0.014412508,0.014412508,0,0,2,1,0,0,0,0,0
8,5,47.00036537,0.587504567,0.016810755,0.016810755,0.016810755,0,0,1,0,0,0,0,0,0
9,3,45.32644136,0.566580517,0.008604568,0.008604568,0.008604568,0,0,1,1,1,0,0,0,0
9,8,112.0316842,1.400396052,-0.006694685,-0.006694685,-0.006694685,0,0,2,1,0,0,1,0,0
10,9,50.85889848,0.635736231,-0.000393245,-0.000393245,-0.000393245,0,0,2,1,0,0,0,0,0
12,11,62.43707229,0.780463404,-0.000160161,-0.000160161,-0.000160161,0,0,1,1,0,0,0,0,0
13,12,32.32029427,0.404003678,-0.006188181,-0.006188181,-0.006188181,1,0,2,1,0,0,0,0,0
14,13,84.35760631,1.054460509,0.003532758,0.005258861,-0.00691807,0,0,1,1,0,0,0,0,0
15,14,102.5704161,1.282130202,0.01355291,0.01355291,0.01355291,0,0,1,1,1,0,0,0,0
16,13,113.0893532,1.413616916,0.002829632,0.002829632,0.002829632,1,0,2,1,0,0,0,0,0
16,15,69.1942669,0.864928336,-0.019080197,-0.019080197,-0.019080197,0,0,1,1,1,0,0,0,0
19,13,46.13740795,0.576717599,-0.01018749,-0.01018749,-0.01018749,0,0,1,1,1,0,0,0,0
20,19,96.16572366,1.202071546,0.00072791,0.00072791,0.00072791,0,0,1,1,1,1,1,0,0
21,20,62.59573131,0.782446641,0.004952475,0.004952475,0.004952475,0,0,1,1,0,0,1,0,0
22,18,132.1294383,1.651617979,-0.009158071,-0.009158071,-0.009158071,0,0,2,1,0,1,0,0,0
23,18,79.7818602,0.997258602,-0.015600511,-0.008019206,-0.01745286,1,0,2,0,1,0,0,0,0
24,22,51.16195638,0.639524455,-0.004495573,-0.004495573,-0.004495573,0,0,1,1,0,0,1,0,0
24,23,110.3913253,1.379891566,-0.004801157,-0.004801157,-0.004801157,0,0,1,0,1,0,0,0,0
25,22,50.30556545,0.628819568,0.010735017,0.010735017,0.010735017,0,0,2,1,0,0,0,0,0
26,21,62.0871977,0.776089971,-0.000966383,-0.000966383,-0.000966383,1,0,3,1,0,0,0,0,0
28,27,79.25748592,0.990715856,-0.002195044,-0.001213356,-0.00675458,0,0,1,1,0,0,1,0,0
29,27,34.43453638,0.430431705,-0.006389065,-0.006389065,-0.006389065,0,0,1,1,0,0,0,0,0
30,29,56.91427637,0.711428455,-0.002284143,-0.002284143,-0.002284143,0,0,1,1,0,0,0,0,0
31,28,26.19545991,0.327443249,0.016035374,0.016035374,0.016035374,0,0,0,0,0,0,0,0,0
31,29,80.09064178,1.001133022,0.005868452,0.005868452,0.005868452,0,0,1,1,0,0,0,0,0
32,31,68.27867372,0.853483421,-0.009227286,-0.009227286,-0.009227286,0,0,1,0,0,0,0,0,0
33,32,42.96328752,0.537041094,0,0,0,0,0,0,0,0,0,0,0,0
34,33,101.1558054,1.264447567,0.019577516,0.019577516,0.019577516,0,0,1,1,0,0,0,0,0
35,32,98.01799595,1.225224949,0.016733964,0.016733964,0.016733964,0,0,1,1,0,0,0,0,0
35,34,44.7027408,0.55878426,-0.007606018,-0.007606018,-0.007606018,0,0,1,0,0,0,0,0,0
36,31,104.456405,1.30570048,-0.000709243,0.000716656,-0.005787644,0,0,1,1,0,0,0,0,0
36,35,47.16900803,0.5896126,-0.022690225,-0.022690225,-0.022690225,0,0,1,1,0,0,0,0,0
37,30,59.78373464,0.747296683,0,0,0,0,0,1,1,1,0,0,0,0
37,31,108.5352183,1.356640638,-0.007717138,0.008488062,-0.013269804,0,0,0,1,0,0,0,0,0
37,36,36.16581735,0.452072717,-0.014932891,-0.014932891,-0.014932891,0,0,1,0,1,0,0,0,0
38,30,37.11632401,0.46395405,0.009430232,0.009430232,0.009430232,0,0,1,0,0,0,0,0,0
39,30,121.3347597,1.516684497,-0.003543937,-0.003543937,-0.003543937,0,0,1,1,1,0,0,0,0
40,38,118.7706294,1.484632867,-0.002273295,-0.002273295,-0.002273295,1,0,2,1,1,0,0,0,0
40,39,35.84525165,0.448065646,0.014229266,0.014229266,0.014229266,0,0,1,1,1,0,0,0,0
41,39,21.63777914,0.270472239,0.017102222,0.017102222,0.017102222,0,0,1,1,1,0,0,0,0
42,40,59.41522222,0.742690278,-0.002019689,-0.002019689,-0.002019689,1,0,2,1,1,0,0,0,0
42,41,70.80053025,0.885004909,0.000287111,0.001652688,-0.002679242,0,0,1,1,0,0,0,0,0
43,37,125.0356913,1.562946141,0.004958645,0.004958645,0.004958645,0,0,1,1,0,0,0,0,0
43,41,30.29065963,0.378633245,0.022454823,0.022454823,0.022454823,0,0,1,0,0,0,0,0,0
44,43,109.2104966,1.365096794,0.011725692,0.019213756,0.0061085,0,0,1,1,1,1,1,0,0
45,42,43.68605864,0.546075733,0.008698756,0.008698756,0.008698756,0,0,1,0,0,0,0,0,0
45,43,103.7060505,1.296315061,-0.003217998,0.005730519,-0.00514493,0,0,1,1,0,0,0,0,0
46,36,124.5853709,1.557317136,0.008107157,0.008107157,0.008107157,0,0,1,1,0,0,0,0,0
46,43,35.92186295,0.449023287,0.025898207,0.025898207,0.025898207,0,0,1,0,1,1,0,1,0
47,35,126.5739065,1.582173831,0.006320544,0.006320544,0.006320544,0,0,1,1,0,0,0,0,0
47,44,55.69797953,0.696224744,0.009875166,0.009875166,0.009875166,0,0,1,0,1,1,1,0,0
47,46,45.23960876,0.56549511,0.019013326,0.019013326,0.019013326,0,0,1,1,1,1,0,1,0
48,34,125.6836798,1.571045998,0.004694376,0.004694376,0.004694376,0,0,1,0,0,0,1,0,0
48,47,44.1856489,0.552320611,0.002942144,0.002942144,0.002942144,0,0,1,0,0,0,0,0,0
49,48,124.4934664,1.556168329,-0.006506503,-0.006506503,-0.006506503,0,0,1,1,0,0,0,0,0
50,49,54.14029539,0.676744472,-0.012303881,-0.000660558,-0.016155298,0,0,1,0,0,0,0,0,0
52,44,69.36202557,0.86702532,-0.006343656,-0.006343656,-0.006343656,0,0,1,1,0,0,0,0,0
52,49,42.85628159,0.53570352,-0.007233668,-0.007233668,-0.007233668,0,0,1,1,0,0,1,0,0
54,42,101.4525888,1.268157359,0.006801364,0.006801364,0.006801364,1,0,2,1,0,0,0,0,0
55,12,26.54210774,0.331776347,0.022611368,0.022611368,0.022611368,1,0,2,1,0,0,0,0,0
56,10,24.5461893,0.306827366,0.000814791,0.000814791,0.000814791,0,0,2,1,0,0,0,0,0
57,24,31.11342461,0.388917808,0.001928432,0.001928432,0.001928432,0,0,1,1,0,0,0,0,0
58,57,87.66269842,1.09578373,0.002851852,0.002851852,0.002851852,0,0,1,0,0,0,1,0,0
59,57,51.75738622,0.646967328,0.001545675,0.001545675,0.001545675,0,0,1,1,0,0,1,0,0
60,25,81.46305294,1.018288162,-0.002455108,-0.002455108,-0.002455108,1,0,2,1,0,0,0,0,0
60,57,48.32972097,0.604121512,0.0105531,0.0105531,0.0105531,0,0,1,1,0,0,0,0,0
61,58,52.90499987,0.661312498,-0.003402345,-0.003402345,-0.003402345,0,0,1,0,1,0,0,0,0
61,59,86.4758188,1.080947735,-0.000115639,-0.000115639,-0.000115639,0,0,1,1,0,0,1,0,0
62,61,92.61670571,1.157708821,0.004750816,0.004750816,0.004750816,0,0,1,1,0,0,0,0,0
63,58,91.14346001,1.13929325,0.006473447,0.006473447,0.006473447,0,0,1,1,1,0,0,0,0
63,62,53.03788913,0.662973614,0.006222088,0.006222088,0.006222088,0,0,1,1,0,0,0,0,0
64,62,115.6210479,1.445260078,0.006349347,0.008358155,0.004742364,0,0,1,1,0,1,1,0,0
65,63,105.1985973,1.314982466,0.006083844,0.006083844,0.006083844,0,0,1,1,0,0,0,0,0
65,64,42.36056076,0.52950701,0.005665738,0.005665738,0.005665738,0,0,2,0,0,0,0,0,0
66,58,47.27834099,0.590979262,0.004864864,0.004864864,0.004864864,0,0,1,0,0,0,0,0,0
68,63,45.03120732,0.562890091,0.005329713,0.005329713,0.005329713,0,0,1,0,0,0,0,0,0
68,66,87.29975126,1.091246891,0.006873034,0.006873034,0.006873034,1,0,2,1,0,0,0,0,0
69,68,40.01113796,0.500139224,0.008747899,0.008747899,0.008747899,0,0,2,1,0,0,1,0,0
70,65,42.53598627,0.531699828,0.005877478,0.005877478,0.005877478,0,0,2,1,0,0,0,0,0
72,71,57.02661768,0.712832721,0.002104285,0.002104285,0.002104285,0,0,1,1,0,0,0,0,0
73,72,88.9031738,1.111289672,0.00719903,0.00719903,0.00719903,0,0,1,1,0,0,1,0,0
74,71,101.7009212,1.271261516,0.006293086,0.006293086,0.006293086,0,0,2,1,0,0,1,0,0
74,73,52.72954236,0.659119279,-0.00227577,-0.00227577,-0.00227577,1,0,2,1,0,0,0,0,0
76,75,37.37260789,0.467157599,0.00428125,0.00428125,0.00428125,0,0,2,1,1,1,0,0,0
77,76,52.20808639,0.65260108,-0.013025907,-0.013025907,-0.013025907,0,0,1,1,1,1,1,0,0
78,77,95.39588557,1.19244857,0.011321969,0.011321969,0.011321969,0,0,1,0,0,0,1,0,0
79,78,81.37536756,1.017192095,0.000122887,0.000122887,0.000122887,0,0,1,0,1,1,0,0,0
80,79,23.37591659,0.292198957,-0.005561365,-0.005561365,-0.005561365,0,0,1,0,1,0,0,0,0
81,78,33.36413195,0.417051649,0.003896429,0.003896429,0.003896429,0,0,1,1,0,0,0,0,0
81,80,91.91202433,1.148900304,0.002720002,0.002720002,0.002720002,0,0,1,1,0,0,0,0,0
82,76,102.944431,1.286805388,0.005731342,0.005731342,0.005731342,0,0,2,1,0,0,1,0,0
82,81,22.09365702,0.275964332,0.002969141,0.02857418,-0.056902821,0,0,1,1,0,0,1,0,0
83,76,74.72140998,0.934007181,0.003475972,0.008020081,-0.00133942,0,0,1,1,0,0,0,0,0
84,82,55.78730659,0.697304216,0.009647879,0.027237376,0.003544847,0,0,1,1,1,0,0,0,0
84,83,85.80066316,1.072508289,0.010023736,0.010023736,0.010023736,0,0,1,1,0,0,0,0,0
85,83,44.56396443,0.557049555,0.00583441,0.00583441,0.00583441,0,0,1,0,0,0,1,0,0
86,75,43.7897744,0.54737218,-0.00753622,-0.00753622,-0.00753622,0,0,1,1,0,0,0,0,0
86,83,63.89132237,0.79864153,-0.010487134,-0.010487134,-0.010487134,0,0,1,1,1,0,0,0,0
88,71,55.02382584,0.687797823,-0.008542066,-0.008542066,-0.008542066,0,0,1,1,0,0,0,0,0
88,87,103.3865492,1.292331865,-0.008125116,-0.008125116,-0.008125116,0,0,1,1,0,0,1,0,0
89,88,39.38116682,0.492264585,-0.006602284,-0.006602284,-0.006602284,0,0,1,1,0,0,0,0,0
90,87,41.48469344,0.518558668,-0.005544299,-0.005544299,-0.005544299,1,0,2,1,0,0,0,0,0
90,89,101.5469525,1.269336906,0.00856778,0.00856778,0.00856778,0,0,1,1,0,0,1,0,0
91,85,125.4965885,1.568707357,-0.008287362,-0.008287362,-0.008287362,0,0,1,1,0,0,1,0,0
92,91,41.2204675,0.515255844,-0.004366804,-0.004366804,-0.004366804,0,0,2,1,0,0,0,0,0
93,92,43.36821506,0.542102688,-0.002305842,-0.002305842,-0.002305842,0,0,2,1,0,0,0,0,0
94,85,41.21909569,0.515238696,0.000970424,0.000970424,0.000970424,0,0,1,0,0,0,1,0,0
94,92,125.4994539,1.568743174,0.01004039,0.01004039,0.01004039,0,0,1,1,0,0,0,0,0
95,93,124.6102888,1.55762861,0.009790993,0.009790993,0.009790993,0,0,1,1,0,0,0,0,0
95,94,42.8588802,0.535736003,-0.003266552,-0.003266552,-0.003266552,0,0,1,0,0,0,1,0,0
96,90,44.84619459,0.560577432,-0.005574696,-0.005574696,-0.005574696,0,0,2,1,0,0,0,0,0
97,67,41.08324612,0.513540577,0.007059014,0.007059014,0.007059014,0,0,1,1,0,0,0,0,0
97,89,46.91302058,0.586412757,-0.006608118,-0.006608118,-0.006608118,0,0,2,1,0,0,0,0,0
97,96,100.6087767,1.257609709,-0.009244121,-0.009244121,-0.009244121,0,0,1,1,0,0,1,0,0
98,67,103.3276093,1.291595116,0.010549558,0.010549558,0.010549558,0,0,1,1,0,0,1,0,0
98,96,42.12243852,0.526530482,-0.003086256,-0.003086256,-0.003086256,0,0,2,1,0,0,0,0,0
99,93,42.36650654,0.529581332,-0.003776595,-0.003776595,-0.003776595,0,0,2,1,0,0,0,0,0
100,50,96.54574408,1.206799966,-0.000410889,0.021287285,-0.006864839,0,0,1,0,1,0,0,0,0
100,99,64.9275685,0.811546736,-0.015398026,-0.002559854,-0.024654352,0,0,1,1,0,0,0,0,0
101,49,42.08913828,0.526114228,0.005702276,0.005702276,0.005702276,0,0,1,1,0,0,0,0,0
101,99,44.5594247,0.556992809,0,0,0,0,0,1,0,1,0,0,0,0
101,100,70.21511319,0.877648585,0.013873173,0.022918576,0.004268758,0,0,1,0,1,0,0,0,0
102,95,44.34383845,0.554297981,-0.001353064,-0.001353064,-0.001353064,0,0,1,1,0,0,1,0,0
102,99,125.3906478,1.567383097,0.010527684,0.010527684,0.010527684,0,0,1,1,0,0,0,0,0
103,98,42.28244954,0.528530619,0.013481996,0.013481996,0.013481996,0,0,2,1,0,0,0,0,0
103,102,124.6151137,1.557688921,-0.01324193,-0.01324193,-0.01324193,0,0,1,1,0,0,1,0,0
104,67,43.15348411,0.539418551,-0.001158656,-0.001158656,-0.001158656,0,0,1,1,0,0,0,0,0
104,103,104.0349442,1.300436803,-0.016439006,-0.016439006,-0.016439006,0,0,1,1,0,0,0,0,0
105,33,42.68215227,0.533526903,0.002342906,0.002342906,0.002342906,0,0,1,0,0,0,0,0,0
105,104,45.00755257,0.562594407,0.003110604,0.003110604,0.003110604,0,0,1,0,0,0,1,0,0
106,34,42.15962479,0.52699531,0.003557929,0.003557929,0.003557929,0,0,1,1,1,0,0,0,0
106,103,44.09827701,0.551228463,0.010431814,0.010431814,0.010431814,0,0,1,1,0,0,1,0,0
106,105,104.7543966,1.309429957,0.019382301,0.019382301,0.019382301,0,0,1,1,0,0,0,0,0
107,48,42.75071162,0.534383895,0.014738197,0.014738197,0.014738197,0,0,1,0,0,0,0,0,0
107,101,124.2379973,1.552974967,0.009659331,0.009659331,0.009659331,0,0,1,1,0,0,0,0,0
107,102,43.3692383,0.542115479,-0.002766949,-0.002766949,-0.002766949,0,0,1,0,0,0,0,0,0
107,106,123.1516955,1.539396194,0.008688799,0.008688799,0.008688799,0,0,1,1,0,0,0,0,0
108,65,106.0627243,1.325784055,0.002074249,0.002074249,0.002074249,0,0,1,1,0,0,1,0,0
109,108,67.62607401,0.845325925,0.002957452,0.002957452,0.002957452,0,0,1,1,1,0,0,0,0
110,109,69.00184399,0.86252305,0.000144924,0.000144924,0.000144924,0,0,1,1,0,0,0,0,0
111,110,51.60349614,0.645043702,-0.005813658,-0.005813658,-0.005813658,0,0,1,1,0,0,0,0,0
112,110,130.1401022,1.626750926,0.001633137,0.002259803,0.000842641,0,0,1,1,1,0,0,0,0
113,111,128.0536787,1.600670991,0.001426593,0.001715386,0.00117812,1,0,2,1,0,0,1,0,0
113,112,39.46586462,0.493323308,-0.008361949,-0.008361949,-0.008361949,0,0,1,0,1,0,0,0,0
114,112,144.1796133,1.802243012,0.001673323,0.003338594,-0.000270883,0,0,1,1,1,0,0,0,0
115,114,51.87125556,0.648390694,-0.00366294,-0.00366294,-0.00366294,0,0,1,0,0,0,0,0,0
116,113,68.21025973,0.852628247,0.002638908,0.002638908,0.002638908,1,0,2,1,0,0,0,0,0
116,115,64.57284401,0.80716055,-0.003097292,-0.003097292,-0.003097292,1,0,2,0,0,0,0,0,0
117,70,111.975015,1.399686896,0.000984665,0.002040362,-0.000271849,1,0,2,1,0,0,1,0,0
117,108,36.17494721,0.45218684,0.003870111,0.003870111,0.003870111,0,0,1,0,0,0,0,0,0
117,111,144.7727552,1.80965944,0.001588699,0.001588699,0.001588699,1,0,2,1,0,0,0,0,0
118,72,61.46394162,0.76829927,-0.000976183,-0.000976183,-0.000976183,0,0,1,1,0,0,0,0,0
119,118,51.9899209,0.649874011,-0.005001032,-0.005001032,-0.005001032,0,0,1,1,0,0,1,0,0
120,119,60.85818319,0.76072729,-0.002136119,-0.002136119,-0.002136119,0,0,1,1,0,0,0,0,0
121,119,87.88296398,1.09853705,-0.002161971,-0.002161971,-0.002161971,0,0,1,1,1,0,0,0,0
122,121,46.9267941,0.586584926,0.006179956,0.006179956,0.006179956,0,0,1,0,0,0,0,0,0
123,121,71.80735473,0.897591934,-0.001253354,-0.001253354,-0.001253354,0,0,1,1,0,0,0,0,0
124,122,71.4322519,0.892903149,-0.004339817,-0.004339817,-0.004339817,0,0,1,1,0,0,0,0,0
124,123,32.02147152,0.400268394,0.002186038,0.002186038,0.002186038,0,0,1,0,0,0,0,0,0
125,123,62.8807685,0.786009606,0.000318062,0.000318062,0.000318062,0,0,2,1,0,0,0,0,0
126,124,67.96316606,0.849539576,-0.002795643,-0.002795643,-0.002795643,1,0,2,1,0,0,0,0,0
126,125,26.87584323,0.33594804,-0.00520921,-0.00520921,-0.00520921,0,0,1,0,1,0,0,0,0
127,126,44.0194481,0.550243101,-0.002953253,-0.002953253,-0.002953253,0,0,2,0,1,0,0,0,0
128,127,69.74253258,0.871779462,0.000432316,0.001636268,-0.004070803,0,0,1,1,0,0,1,0,0
130,129,43.60363075,0.545045384,0.023628479,0.023628479,0.023628479,0,0,1,0,1,0,0,0,0
131,129,99.29771852,1.241193397,0.001217443,0.012076249,-0.004667927,0,0,1,1,0,0,0,0,0
132,131,74.96090996,0.937011375,-0.00173424,-0.00173424,-0.00173424,0,0,1,1,0,0,0,0,0
133,132,80.31757629,1.003931724,0.001808522,0.008990201,-0.014844124,0,0,1,0,0,0,0,0,0
134,120,39.88537068,0.498567133,0.004262253,0.004262253,0.004262253,1,0,2,1,0,0,1,0,0
134,122,53.85869144,0.673233643,-0.001114027,-0.001114027,-0.001114027,0,0,2,0,0,0,1,0,0
135,133,55.6592777,0.695682925,-0.010531437,0.002147957,-0.025995251,0,0,1,1,0,0,0,0,0
136,73,55.1387821,0.689234776,-0.007073238,-0.007073238,-0.007073238,1,0,2,1,1,0,0,0,0
136,118,75.48473826,0.943559228,0.004106825,0.004106825,0.004106825,0,0,1,1,0,0,1,0,0
136,120,42.04226211,0.525528276,0.016652221,0.016652221,0.016652221,1,0,2,1,0,0,0,0,0
137,77,50.28665735,0.628583217,-0.00954571,-0.00954571,-0.00954571,0,0,1,1,1,1,0,0,0
138,78,53.08251699,0.663531462,0.004332917,0.004332917,0.004332917,0,0,1,1,0,0,0,0,0
138,135,91.5715768,1.14464471,0.006443181,0.006443181,0.006443181,0,0,1,1,0,0,1,0,0
138,137,70.77797708,0.884724714,0.025298444,0.025298444,0.025298444,0,0,1,1,0,0,1,0,0
139,135,47.03625402,0.587953175,0.025520542,0.025520542,0.025520542,0,0,1,1,0,0,0,0,0
140,130,156.4952042,1.956169228,-0.002224348,0.002495566,-0.006755714,0,0,1,1,0,0,1,0,0
140,132,35.80560625,0.447570078,0.019553748,0.019553748,0.019553748,0,0,1,0,0,0,0,0,0
140,139,130.3216805,1.629021006,-0.000537133,-0.000537133,-0.000537133,0,0,1,1,0,0,0,0,0
141,140,34.84656344,0.435582043,-0.00200881,-0.00200881,-0.00200881,0,0,1,1,0,0,0,0,0
142,130,31.23663946,0.390457993,-0.008964193,-0.008964193,-0.008964193,0,0,1,1,0,0,0,0,0
143,141,158.4290574,1.980357576,0.002173589,0.005716444,0.000420722,0,0,1,1,0,0,1,0,0
143,142,31.53105444,0.39413818,0.006343081,0.006343081,0.006343081,0,0,1,0,0,0,0,0,0
144,143,34.99896005,0.437487001,-0.005428813,-0.005428813,-0.005428813,0,0,1,0,0,0,1,0,0
145,144,57.09430482,0.71367881,-0.004904226,-0.004904226,-0.004904226,0,0,1,0,0,0,0,0,0
146,145,167.845386,2.098044651,-0.000729627,0.002430855,-0.011457324,0,0,1,1,1,1,0,0,0
147,141,34.63625589,0.432953199,0.00288716,0.00288716,0.00288716,0,0,1,0,0,0,0,0,0
147,144,125.9536432,1.574418341,-0.000329709,0.000482324,-0.004444775,0,0,1,1,1,1,0,0,0
147,146,66.31362383,0.828920298,0.005428829,0.005428829,0.005428829,0,0,1,1,0,0,1,0,0
148,139,52.507552,0.6563444,-0.007237244,-0.007237244,-0.007237244,0,0,1,1,0,0,1,0,0
148,141,147.3638393,1.842048007,-0.001823925,-0.000523563,-0.00179318,0,0,1,0,0,0,1,0,0
148,146,67.78894742,0.847359252,0.000296031,0.004264501,-0.00122376,0,0,1,1,0,0,0,0,0
149,139,71.71488447,0.896390783,-0.004290143,0.004907405,-0.01521515,0,0,1,1,0,0,0,0,0
149,148,33.21864579,0.415233072,0.004515582,0.004515582,0.004515582,0,0,1,1,0,0,0,0,0
150,79,53.30777447,0.666336575,0.005117262,0.010826191,-0.000364391,0,0,1,0,1,0,0,0,0
150,138,86.96756184,1.087094371,0.00066188,0.001752301,0.000397067,0,0,1,1,0,0,0,0,0
150,149,43.82053838,0.54775673,-0.007530929,-0.007530929,-0.007530929,0,0,1,0,0,0,0,0,0
151,92,85.87802524,1.073475315,0.017352801,0.017352801,0.017352801,0,0,1,1,0,0,0,0,0
151,93,114.0279204,1.424606989,0.015486192,0.04583561,-0.018880728,0,0,1,1,0,0,1,0,0
152,151,62.78927911,0.784865989,-0.000159263,-0.000159263,-0.000159263,0,0,1,0,1,0,0,0,0
153,152,55.27871278,0.69098391,0.000723606,0.000723606,0.000723606,0,0,1,0,0,0,0,0,0
154,152,40.61588976,0.507698622,-0.023396261,-0.023396261,-0.023396261,0,0,1,1,0,0,1,0,0
155,153,47.23588668,0.590448584,-0.040680682,-0.040680682,-0.040680682,1,0,1,1,0,0,0,0,0
155,154,50.44631056,0.630578982,-0.0187659,-0.011225597,-0.021280076,0,0,1,1,0,0,1,0,0
156,155,102.079021,1.275987763,-0.011854395,-0.011854395,-0.011854395,1,0,2,1,0,0,0,0,0
157,156,78.85925093,0.985740637,-0.007101438,-0.007101438,-0.007101438,0,0,1,0,0,0,0,0,0
158,157,41.03908839,0.512988605,-0.000731011,-0.000731011,-0.000731011,0,0,1,1,0,0,0,0,0
159,158,35.74664689,0.446833086,0.005874778,0.005874778,0.005874778,0,0,1,1,0,0,1,0,0
160,158,178.7485616,2.23435702,-0.008224121,-0.008224121,-0.008224121,0,0,1,0,1,0,0,0,0
161,159,176.6863252,2.208579065,-0.007697485,-0.007697485,-0.007697485,0,0,1,1,0,0,1,0,0
161,160,29.80118488,0.372514811,0.010738447,0.010738447,0.010738447,0,0,1,0,0,0,0,0,0
162,160,86.93136503,1.086641047,-0.002139138,-0.001168294,-0.00424169,0,0,1,1,0,0,0,0,0
163,161,73.862334,0.923279175,-0.003384694,-0.003384694,-0.003384694,0,0,1,1,0,0,0,0,0
163,162,43.2712329,0.540890411,0.005315385,0.005315385,0.005315385,0,0,1,1,0,0,0,0,0
164,162,34.19162124,0.427395106,-0.001004421,-0.000404207,-0.002116005,0,0,1,0,0,0,0,0,0
165,163,29.62924363,0.370365545,-0.002700045,-0.002700045,-0.002700045,0,0,1,1,0,0,0,0,0
165,164,60.17391106,0.752171626,0.003064083,0.010071262,0.002354693,0,0,1,0,0,0,0,0,0
166,165,55.59606428,0.694950803,0.005396144,0.005396144,0.005396144,0,0,1,0,0,0,0,0,0
167,161,46.61905747,0.582738218,0.015017012,0.015017012,0.015017012,0,0,1,1,0,0,0,0,0
167,166,105.5363839,1.319204798,0.006917211,0.006917211,0.006917211,1,0,2,1,0,0,0,0,0
168,156,39.35947302,0.491993413,0.000762206,0.000762206,0.000762206,1,0,2,1,0,0,0,0,0
168,159,47.23736132,0.590467016,0.008679897,0.008679897,0.008679897,0,0,1,1,0,0,0,0,0
168,167,178.6219174,2.232773967,0.005990414,0.005990414,0.005990414,1,0,2,1,0,0,0,0,0
169,115,46.41164845,0.580145606,-0.002370101,-0.002370101,-0.002370101,0,0,2,1,0,0,0,0,0
171,128,35.26478288,0.440809786,0.001134277,0.001134277,0.001134277,0,0,1,0,0,0,0,0,0
171,170,41.81547354,0.522693419,-0.005500439,-0.005500439,-0.005500439,0,0,1,1,0,0,0,0,0
173,171,101.1488428,1.264301612,0.024610906,0.037805377,0.010318377,0,0,1,0,0,0,0,0,0
175,173,50.17185559,0.627148195,0.010564281,0.010564281,0.010564281,0,0,1,0,1,0,0,0,0
175,174,70.37649253,0.879706157,0.019754767,0.019754767,0.019754767,0,0,1,0,1,0,0,0,0
176,172,80.28425562,1.003553195,-0.011210873,-0.011210873,-0.011210873,1,0,2,1,0,0,0,0,0
178,175,35.11481351,0.438935169,0.031341192,0.031341192,0.031341192,0,0,1,0,1,0,0,0,0
178,177,40.41879781,0.505234973,-0.00371117,-0.00371117,-0.00371117,1,0,1,1,0,0,0,0,0
179,173,32.14098093,0.401762262,0.038920604,0.038920604,0.038920604,0,0,1,0,0,0,0,0,0
179,178,43.31173518,0.54139669,-0.008773941,-0.008773941,-0.008773941,1,0,1,1,0,0,0,0,0
180,177,176.218137,2.202726712,-0.000680974,-0.000680974,-0.000680974,1,0,2,1,0,0,0,0,0
180,179,241.2007138,3.014987274,0.001983245,0.00681147,-0.008116163,1,0,1,1,0,0,0,0,0
181,164,295.2052556,3.689999867,0.0140714,0.015308663,-0.026259722,1,0,2,1,1,0,0,0,0
181,180,76.65026165,0.958128271,-0.032763709,-0.032763709,-0.032763709,1,0,2,1,0,0,0,0,0
182,4,46.85905972,0.585738247,0.002347471,0.002347471,0.002347471,0,0,1,1,0,0,0,0,0
182,6,7.197695948,0.089971199,-0.002778678,-0.002778678,-0.002778678,0,0,0,0,0,0,0,0,-1
183,7,7.637336823,0.09546671,0.002618723,0.002618723,0.002618723,0,0,0,0,0,0,0,0,1
183,8,45.3965256,0.56745657,0.00616799,0.00616799,0.00616799,0,0,2,1,0,0,0,0,0
183,182,83.46371692,1.043296461,0.014858395,0.014858395,0.014858395,0,0,2,1,0,0,0,0,0
184,7,7.308146327,0.091351829,0.017791184,0.017791184,0.017791184,0,0,0,0,0,0,0,0,1
184,17,129.6273614,1.620342017,0.010646504,0.010646504,0.010646504,0,0,2,1,0,0,0,0,0
185,183,9.968899701,0.124611246,0.004012511,0.004012511,0.004012511,0,0,0,0,0,0,0,0,1
185,184,10.16445518,0.12705569,-0.006886907,-0.006886907,-0.006886907,0,0,0,0,0,0,0,0,1
186,8,9.455138408,0.11818923,0.003172894,0.003172894,0.003172894,0,0,0,0,0,0,0,0,-1
186,15,60.3331792,0.75416474,0.001657465,0.001657465,0.001657465,0,0,1,1,1,0,0,0,0
186,185,46.41800392,0.580225049,-0.006247698,-0.006247698,-0.006247698,0,0,2,1,0,0,0,0,0
187,9,8.991915757,0.112398947,-0.001112111,-0.001112111,-0.001112111,0,0,0,0,0,0,0,0,1
187,14,59.93041238,0.749130155,0.01168101,0.01168101,0.01168101,0,0,1,1,0,0,1,0,0
187,186,109.5821536,1.36977692,-0.00720939,-0.00720939,-0.00720939,0,0,2,1,0,0,1,0,0
188,10,9.288567928,0.116107099,0.001076593,0.001076593,0.001076593,0,0,0,0,0,0,0,0,-1
188,11,64.4707103,0.805883879,0.011478837,0.011478837,0.011478837,0,0,1,1,0,0,0,0,0
188,187,51.78903827,0.647362978,0,0,0,0,0,2,1,0,0,0,0,0
189,16,43.91992265,0.548999033,0.00387071,0.00387071,0.00387071,1,0,2,1,1,0,0,0,0
189,17,8.54248007,0.106781001,-0.02693403,-0.02693403,-0.02693403,0,1,0,0,0,0,0,0,1
189,185,127.0274744,1.587843429,-0.012124253,-0.012124253,-0.012124253,0,0,2,1,0,0,0,0,0
190,17,6.857580726,0.085719759,-0.026257371,-0.026257371,-0.026257371,0,1,0,0,0,0,0,0,1
190,18,42.55303912,0.531912989,0.014101452,0.014101452,0.014101452,0,0,2,1,0,0,0,0,0
191,16,43.31768398,0.54147105,0.002539387,0.002539387,0.002539387,1,0,2,1,1,0,0,0,0
191,189,6.734633186,0.084182915,-0.008909525,-0.008909525,-0.008909525,0,1,0,0,0,0,0,0,1
191,190,8.240336373,0.103004205,-0.013350159,-0.013350159,-0.013350159,0,1,0,0,0,0,0,0,1
192,18,7.197680959,0.089971012,0,0,0,0,0,0,0,0,0,0,0,-1
192,19,149.5968342,1.869960428,0.00274071,0.00274071,0.00274071,0,0,1,1,1,1,1,0,0
192,191,42.12697651,0.526587206,-0.011632289,-0.011632289,-0.011632289,0,0,2,1,0,0,0,0,0
194,20,138.1742901,1.727178626,-0.005355632,-0.005355632,-0.005355632,0,0,1,1,1,1,1,1,0
194,22,8.716982003,0.108962275,0.014915077,0.014915077,0.014915077,0,0,0,0,0,0,0,0,-1
194,192,131.1519334,1.639399167,-0.008235003,-0.008235003,-0.008235003,0,0,2,1,1,1,0,0,0
195,25,8.099594896,0.101244936,0.013582179,0.013582179,0.013582179,0,1,0,0,0,0,0,0,1
195,26,192.7721399,2.409651003,-0.002443673,-0.001546383,-0.003186234,1,0,2,1,0,0,0,0,0
195,194,48.86976526,0.610872066,0.010641128,0.010641128,0.010641128,0,0,2,1,0,0,0,0,0
196,25,7.942143088,0.099276789,0.007554852,0.007554852,0.007554852,0,1,0,0,0,0,0,0,1
196,32,46.57213184,0.582151648,-0.000858883,-0.000858883,-0.000858883,0,0,2,1,0,0,0,0,0
197,32,46.26135709,0.578266964,0.002161636,0.002161636,0.002161636,0,0,2,1,0,0,0,0,0
197,195,10.70466176,0.133808272,0.008407849,0.008407849,0.008407849,0,1,0,0,0,0,0,0,1
197,196,6.718792348,0.083984904,0.020841603,0.020841603,0.020841603,0,1,0,0,0,0,0,0,1
198,26,9.635192472,0.120439906,0.004151484,0.004151484,0.004151484,0,1,0,0,0,0,0,0,1
198,193,61.2728296,0.76591037,-0.000652818,-0.000652818,-0.000652818,1,0,3,1,0,0,0,0,0
199,26,9.765916722,0.122073959,-0.004095912,-0.004095912,-0.004095912,0,1,0,0,0,0,0,0,1
199,27,82.04029524,1.025503649,0.000947856,0.00101639,0.000468545,0,0,1,1,0,0,1,0,0
199,38,137.0355146,1.712943932,0.000437843,0.000437843,0.000437843,1,0,3,1,0,0,0,0,0
199,197,191.1238914,2.389045539,0.00178322,0.003566557,-0.00097612,1,0,2,1,0,0,0,0,0
200,198,11.50292623,0.143786578,-0.001738691,-0.001738691,-0.001738691,0,1,0,0,0,0,0,0,1
200,199,10.38616436,0.129827055,0.005777012,0.005777012,0.005777012,0,1,0,0,0,0,0,0,1
205,55,8.079713052,0.100996413,0.003713029,0.003713029,0.003713029,0,0,0,0,0,0,0,0,1
206,56,9.147212941,0.114340162,-0.002186464,-0.002186464,-0.002186464,0,1,0,0,0,0,0,0,1
207,55,127.2702007,1.590877508,0.001650035,0.001650035,0.001650035,1,0,3,1,0,0,0,0,0
207,56,8.917358936,0.111466987,0.005607129,0.005607129,0.005607129,0,1,0,0,0,0,0,0,1
207,188,23.32465106,0.291558138,0.002572394,0.002572394,0.002572394,0,0,2,1,0,0,0,0,0
208,205,126.4136274,1.580170343,0.001265687,0.001265687,0.001265687,1,0,3,1,0,0,0,0,0
208,206,9.976181552,0.124702269,0.005012001,0.005012001,0.005012001,0,1,0,0,0,0,0,0,1
208,207,9.35654652,0.116956832,-0.002137546,-0.002137546,-0.002137546,0,1,0,0,0,0,0,0,1
209,60,9.182118494,0.114776481,0,0,0,0,0,0,0,0,0,0,0,-1
209,105,43.3154428,0.541443035,-0.009234976,-0.009234976,-0.009234976,0,0,1,0,0,0,0,0,0
209,196,82.49001542,1.031125193,-0.003151912,-0.003151912,-0.003151912,1,0,2,1,0,0,0,0,0
210,58,45.62934925,0.570366866,0.004383186,0.004383186,0.004383186,0,0,1,0,0,0,0,0,0
210,60,83.97566471,1.049695809,-0.000714493,-0.000714493,-0.000714493,1,0,2,1,0,0,1,0,0
210,66,6.180858223,0.077260728,-0.004853752,-0.004853752,-0.004853752,0,1,0,0,0,0,0,0,1
211,66,8.721350668,0.109016883,0.001146612,0.001146612,0.001146612,0,1,0,0,0,0,0,0,1
211,67,40.23692824,0.502961603,-0.008201697,-0.008201697,-0.008201697,0,0,2,1,0,0,1,0,0
212,67,40.5545164,0.506931455,-0.00863068,-0.00863068,-0.00863068,0,0,2,1,0,0,1,0,0
212,209,84.07155656,1.050894457,-0.000475785,-0.000475785,-0.000475785,1,0,2,1,0,0,1,0,0
212,210,10.25108082,0.12813851,0.001951017,0.001951017,0.001951017,0,1,0,0,0,0,0,0,1
212,211,5.824928687,0.072811609,-0.003433539,-0.003433539,-0.003433539,0,1,0,0,0,0,0,0,1
213,211,86.37890003,1.07973625,0.006598977,0.006598977,0.006598977,1,0,2,1,0,0,0,0,0
214,88,40.66837833,0.508354729,-0.006147398,-0.006147398,-0.006147398,0,0,1,0,0,0,0,0,0
214,213,40.71214138,0.508901767,0.009088573,0.009088573,0.009088573,0,0,2,1,0,0,1,0,0
215,65,42.86688182,0.535836023,0.005132235,0.005132235,0.005132235,0,0,2,1,0,0,0,0,0
215,69,53.13017387,0.664127173,0.005081924,0.005081924,0.005081924,1,0,2,1,0,0,0,0,0
215,70,6.293084366,0.078663555,-0.004767192,-0.004767192,-0.004767192,0,1,0,0,0,0,0,0,1
216,70,9.292711311,0.116158891,0.004304489,0.004304489,0.004304489,0,1,0,0,0,0,0,0,1
216,71,39.64015234,0.495501904,-0.00958668,-0.00958668,-0.00958668,0,0,2,1,0,0,0,0,0
217,215,9.958122576,0.124476532,-0.002008415,-0.002008415,-0.002008415,0,1,0,0,0,0,0,0,1
217,71,39.79671857,0.497458982,-0.010805542,-0.010805542,-0.010805542,0,0,2,1,0,0,0,0,0
214,217,51.92313507,0.649039188,0.005585266,0.005585266,0.005585266,1,0,2,1,0,0,0,0,0
217,214,51.92313507,0.649039188,0.005585266,0.005585266,0.005585266,1,0,2,1,0,0,0,0,0
217,216,6.466929697,0.080836621,-0.007731875,-0.007731875,-0.007731875,0,1,0,0,0,0,0,0,1
219,71,100.5765347,1.257206684,0.005965712,0.005965712,0.005965712,0,0,2,1,0,0,1,0,0
219,74,5.50093702,0.068761713,-0.007271681,-0.007271681,-0.007271681,0,1,0,0,0,0,0,0,1
219,87,46.01275228,0.575159403,-0.004998677,-0.004998677,-0.004998677,1,0,2,1,0,0,1,0,0
220,74,6.057635112,0.075720439,-0.003301636,-0.003301636,-0.003301636,0,1,0,0,0,0,0,0,1
220,218,52.88042444,0.661005305,0.000756424,0.000756424,0.000756424,1,0,2,1,1,1,0,1,0
220,75,55.15706488,0.689463311,-0.016681961,-0.016681961,-0.016681961,0,0,2,1,1,1,1,0,0
221,75,56.14982951,0.701872869,-0.017099613,-0.017099613,-0.017099613,0,0,2,1,1,0,1,0,0
221,219,6.281373196,0.078517165,-0.003184033,-0.003184033,-0.003184033,0,1,0,0,0,0,0,0,1
221,220,4.826954691,0.060336934,-0.008287083,-0.008287083,-0.008287083,0,1,0,0,0,0,0,0,1
222,86,60.63620679,0.757952585,-0.012369794,-0.012369794,-0.012369794,0,0,1,1,0,0,1,0,0
222,87,5.214843395,0.065185542,0.017260999,0.017260999,0.017260999,0,0,0,0,0,0,0,0,-1
222,221,46.07909394,0.575988674,-0.002604227,-0.002604227,-0.002604227,1,0,2,1,0,0,1,0,0
223,85,123.4655389,1.543319236,-0.016038926,-0.016038926,-0.016038926,0,0,1,1,0,0,1,0,0
223,90,5.410658931,0.067633237,0.003696433,0.003696433,0.003696433,0,0,0,0,0,0,0,0,-1
223,222,41.88869399,0.523608675,-0.007162021,-0.007162021,-0.007162021,1,0,2,1,0,0,0,0,0
224,94,123.3454697,1.541818372,-0.018244484,-0.018244484,-0.018244484,0,0,1,1,0,0,0,0,0
224,96,5.634506144,0.070431327,0.007099293,0.007099293,0.007099293,0,0,0,0,0,0,0,0,-1
224,223,45.26122541,0.565765318,-0.005081678,-0.005081678,-0.005081678,0,0,2,1,0,0,0,0,0
225,95,121.4543926,1.518179907,-0.017704892,-0.017704892,-0.017704892,0,0,1,1,0,0,1,0,0
225,98,6.122899046,0.076536238,0.02123656,0.02123656,0.02123656,0,0,0,0,0,0,0,0,-1
225,103,43.64924451,0.545615556,-0.01008087,-0.01008087,-0.01008087,0,0,2,1,0,0,0,0,0
225,224,40.8041885,0.510052356,-0.000980292,-0.000980292,-0.000980292,0,0,2,1,0,0,0,0,0
226,121,40.67261074,0.508407634,-0.00319627,-0.00319627,-0.00319627,0,0,1,0,1,0,1,0,0
227,125,62.05542112,0.775692764,0.001128025,0.001128025,0.001128025,0,0,1,1,1,0,0,0,0
227,226,127.9278349,1.599097938,0.00102087,0.001084091,0.000923647,1,0,2,1,0,0,1,0,0
228,128,83.65270308,1.045658789,0.008248669,0.008248669,0.008248669,0,0,2,0,0,0,0,0,0
229,127,84.98324897,1.062290612,0.006354322,0.006354322,0.006354322,0,0,1,1,0,0,0,0,0
229,227,65.82226322,0.82277829,0.0030385,0.0030385,0.0030385,1,0,2,1,0,0,0,0,0
229,228,64.67364656,0.808420582,-0.002783216,-0.002783216,-0.002783216,1,0,2,0,0,0,0,0,0
230,118,53.84599398,0.673074925,-0.006685884,-0.006685884,-0.006685884,0,0,1,1,0,0,1,0,0
230,216,113.3449668,1.41681189,0.00071465,0.001020559,0,1,0,2,1,0,0,1,0,0
230,226,145.8171785,1.822714731,0.00150874,0.00150874,0.00150874,1,0,2,1,1,0,0,0,0
231,120,6.309506552,0.078868832,0.084298162,0.084298162,0.084298162,0,0,0,0,0,0,0,0,-1
231,138,171.0953349,2.138663251,-0.014017421,-0.001612265,-0.016878215,0,0,1,1,0,0,0,0,0
232,122,5.229596486,0.065369956,0.015299338,0.015299338,0.015299338,0,0,0,0,0,0,0,0,-1
232,133,88.04315797,1.100539475,-0.026473566,-0.026473566,-0.026473566,0,0,1,1,0,0,1,0,0
233,124,5.410783086,0.067634789,0.01108965,0.01108965,0.01108965,0,0,0,0,0,0,0,0,-1
233,132,69.07863915,0.863482989,-0.036504461,-0.036504461,-0.036504461,0,0,1,1,1,0,1,0,0
233,232,72.0725901,0.900907376,-0.004578765,-0.004578765,-0.004578765,0,0,1,1,1,0,0,0,0
234,126,6.28985936,0.078623242,0.011129714,0.011129714,0.011129714,0,0,0,0,0,0,0,0,-1
234,131,46.90243694,0.586280462,-0.060448153,-0.060448153,-0.060448153,0,0,2,0,0,0,1,0,0
234,233,68.37430757,0.854678845,-0.002632577,-0.002632577,-0.002632577,1,0,2,1,0,0,0,0,0
235,127,3.900529208,0.048756615,0.015384348,0.015384348,0.015384348,0,0,0,0,0,0,0,0,-1
235,234,45.03318605,0.562914826,-0.003108833,-0.003108833,-0.003108833,0,0,2,0,0,0,0,0,0
236,128,3.885785136,0.048572314,0.028319657,0.028319657,0.028319657,0,0,0,0,0,0,0,0,-1
236,129,40.3156425,0.503945531,-0.068870575,-0.068870575,-0.068870575,0,0,1,1,0,0,0,0,0
236,171,38.67481392,0.483435174,0.001809966,0.001809966,0.001809966,0,0,1,0,0,0,0,0,0
236,235,64.27426892,0.803428329,0.001247714,0.001563255,0.001165492,0,0,1,1,0,0,1,0,0
237,134,4.470225094,0.055877814,0.058261248,0.058261248,0.058261248,0,0,0,0,0,0,0,0,-1
237,135,99.70970175,1.246371272,-0.016449973,-0.016449973,-0.016449973,0,0,1,1,0,0,0,0,0
237,231,44.03464406,0.550433051,-0.002270945,-0.002270945,-0.002270945,1,0,2,1,0,0,1,0,0
237,232,52.21284523,0.652660565,0.002298291,0.002298291,0.002298291,0,0,2,0,0,0,1,0,0
238,136,5.411042016,0.067638025,0.001848076,0.001848076,0.001848076,0,0,0,0,0,0,0,0,-1
238,137,80.25995379,1.003249422,-0.001993526,-0.001993526,-0.001993526,0,0,2,1,1,1,0,0,0
238,218,55.13718725,0.689214841,-0.005078308,-0.005078308,-0.005078308,1,0,2,1,1,1,0,0,0
238,231,38.81306373,0.485163297,0.004637664,0.004637664,0.004637664,1,0,2,1,0,0,0,0,0
239,170,40.41814885,0.505226861,0.007917484,0.007917484,0.007917484,0,0,1,0,1,0,0,0,0
239,228,48.46854874,0.605856859,-0.002063198,-0.002063198,-0.002063198,0,0,2,1,0,0,0,0,0
240,173,116.1111944,1.451385157,-0.011234708,-0.009655435,-0.013573557,0,0,1,0,0,0,0,0,0
240,174,77.28018811,0.966001218,-0.007407441,-0.003606493,-0.00727182,0,0,1,0,0,0,0,0,0
241,176,12.05367735,0.150670967,0.004148147,0.004148147,0.004148147,0,1,0,0,0,0,0,0,1
241,177,135.570309,1.694628863,-0.029517837,-0.029517837,-0.029517837,1,0,2,1,1,0,0,0,0
241,240,82.26866927,1.028358366,-0.011183571,-0.011183571,-0.011183571,1,0,2,1,0,0,0,0,0
242,245,82.26866927,1.028358366,-0.011183571,-0.011183571,-0.011183571,1,0,0,0,0,0,0,0,0
243,244,82.26866927,1.028358366,-0.011183571,-0.011183571,-0.011183571,1,0,2,1,0,0,0,0,0
244,245,82.26866927,1.028358366,-0.011183571,-0.011183571,-0.011183571,1,0,2,1,0,0,0,0,0
245,246,82.26866927,1.028358366,-0.011183571,-0.011183571,-0.011183571,1,0,2,1,0,0,0,0,0
91,242,82.26866927,1.028358366,-0.011183571,-0.011183571,-0.011183571,1,0,2,1,0,0,0,0,0
82,243,82.26866927,1.028358366,-0.011183571,-0.011183571,-0.011183571,1,0,2,1,1,0,0,0,0
12,252,82.26866927,1.028358366,-0.011183571,-0.011183571,-0.011183571,0,0,2,1,0,0,0,0,0
21,252,82.26866927,1.028358366,-0.011183571,-0.011183571,-0.011183571,1,0,3,1,0,0,0,0,0
50,51,82.26866927,1.028358366,-0.011183571,-0.011183571,-0.011183571,0,0,1,1,0,0,0,0,0
51,52,82.26866927,1.028358366,-0.011183571,-0.011183571,-0.011183571,0,0,1,1,0,0,0,0,0
55,252,82.26866927,1.028358366,-0.011183571,-0.011183571,-0.011183571,1,1,0,0,0,0,0,0,1
56,256,82.26866927,1.028358366,-0.011183571,-0.011183571,-0.011183571,1,0,3,1,0,0,0,0,0
169,250,82.26866927,1.028358366,-0.011183571,-0.011183571,-0.011183571,1,0,2,1,0,0,0,0,0
172,247,82.26866927,1.028358366,-0.011183571,-0.011183571,-0.011183571,1,0,2,1,0,0,0,0,0
193,251,82.26866927,1.028358366,-0.011183571,-0.011183571,-0.011183571,1,0,3,1,0,0,0,0,0
205,251,82.26866927,1.028358366,-0.011183571,-0.011183571,-0.011183571,0,1,0,0,0,0,0,0,1
239,249,82.26866927,1.028358366,-0.011183571,-0.011183571,-0.011183571,1,0,2,1,0,0,0,0,0
240,248,82.26866927,1.028358366,-0.011183571,-0.011183571,-0.011183571,1,0,2,1,0,0,0,0,0
247,248,82.26866927,1.028358366,-0.011183571,-0.011183571,-0.011183571,0,1,0,0,0,0,0,0,1
247,250,82.26866927,1.028358366,-0.011183571,-0.011183571,-0.011183571,0,1,0,0,0,0,0,0,1
248,249,82.26866927,1.028358366,-0.011183571,-0.011183571,-0.011183571,0,1,0,0,0,0,0,0,1
249,250,82.26866927,1.028358366,-0.011183571,-0.011183571,-0.011183571,0,1,0,0,0,0,0,0,1
251,252,82.26866927,1.028358366,-0.011183571,-0.011183571,-0.011183571,0,1,0,0,0,0,0,0,1
253,254,82.26866927,1.028358366,-0.011183571,-0.011183571,-0.011183571,1,0,1,1,0,0,0,1,0
254,255,82.26866927,1.028358366,-0.011183571,-0.011183571,-0.011183571,1,0,1,1,0,0,0,0,0
255,256,82.26866927,1.028358366,-0.011183571,-0.011183571,-0.011183571,1,0,1,1,0,0,0,0,0
255,257,82.26866927,1.028358366,-0.011183571,-0.011183571,-0.011183571,1,0,1,1,0,0,0,0,0
245,242,82.26866927,1.028358366,-0.011183571,-0.011183571,-0.011183571,1,0,0,0,0,0,0,0,0
244,243,82.26866927,1.028358366,-0.011183571,-0.011183571,-0.011183571,1,0,2,1,0,0,0,0,0
245,244,82.26866927,1.028358366,-0.011183571,-0.011183571,-0.011183571,1,0,2,1,0,0,0,0,0
246,245,82.26866927,1.028358366,-0.011183571,-0.011183571,-0.011183571,1,0,2,1,0,0,0,0,0
242,91,82.26866927,1.028358366,-0.011183571,-0.011183571,-0.011183571,1,0,2,1,0,0,0,0,0
243,82,82.26866927,1.028358366,-0.011183571,-0.011183571,-0.011183571,1,0,2,1,1,0,0,0,0
252,12,82.26866927,1.028358366,-0.011183571,-0.011183571,-0.011183571,0,0,2,1,0,0,0,0,0
252,21,82.26866927,1.028358366,-0.011183571,-0.011183571,-0.011183571,1,0,3,1,0,0,0,0,0
51,50,82.26866927,1.028358366,-0.011183571,-0.011183571,-0.011183571,0,0,1,1,0,0,0,0,0
52,51,82.26866927,1.028358366,-0.011183571,-0.011183571,-0.011183571,0,0,1,1,0,0,0,0,0
252,55,82.26866927,1.028358366,-0.011183571,-0.011183571,-0.011183571,1,1,0,0,0,0,0,0,1
256,56,82.26866927,1.028358366,-0.011183571,-0.011183571,-0.011183571,1,0,3,1,0,0,0,0,0
250,169,82.26866927,1.028358366,-0.011183571,-0.011183571,-0.011183571,1,0,2,1,0,0,0,0,0
247,172,82.26866927,1.028358366,-0.011183571,-0.011183571,-0.011183571,1,0,2,1,0,0,0,0,0
251,193,82.26866927,1.028358366,-0.011183571,-0.011183571,-0.011183571,1,0,3,1,0,0,0,0,0
251,205,82.26866927,1.028358366,-0.011183571,-0.011183571,-0.011183571,0,1,0,0,0,0,0,0,1
249,239,82.26866927,1.028358366,-0.011183571,-0.011183571,-0.011183571,1,0,2,1,0,0,0,0,0
248,240,82.26866927,1.028358366,-0.011183571,-0.011183571,-0.011183571,1,0,2,1,0,0,0,0,0
248,247,82.26866927,1.028358366,-0.011183571,-0.011183571,-0.011183571,0,1,0,0,0,0,0,0,1
250,247,82.26866927,1.028358366,-0.011183571,-0.011183571,-0.011183571,0,1,0,0,0,0,0,0,1
249,248,82.26866927,1.028358366,-0.011183571,-0.011183571,-0.011183571,0,1,0,0,0,0,0,0,1
250,249,82.26866927,1.028358366,-0.011183571,-0.011183571,-0.011183571,0,1,0,0,0,0,0,0,1
252,251,82.26866927,1.028358366,-0.011183571,-0.011183571,-0.011183571,0,1,0,0,0,0,0,0,1
254,1,44.43179805,0.555397476,0.000225064,0.000225064,0.000225064,0,0,1,1,0,0,0,0,0
254,253,82.26866927,1.028358366,-0.011183571,-0.011183571,-0.011183571,1,0,1,1,0,0,0,1,0
255,254,82.26866927,1.028358366,-0.011183571,-0.011183571,-0.011183571,1,0,1,1,0,0,0,0,0
256,255,82.26866927,1.028358366,-0.011183571,-0.011183571,-0.011183571,1,0,1,1,0,0,0,0,0
257,255,82.26866927,1.028358366,-0.011183571,-0.011183571,-0.011183571,1,0,1,1,0,0,0,0,0
