node1,node2,lat1,lon1,lat2,lon2,lat3,lon3,lat4,lon4,lat5,lon5,lat6,lon6
1,254,35.94875901101989,139.64066147804263,35.94898048960957,139.64079558849338,,,,,,,,
2,4,35.949445158358415,139.640725851059,35.95053950760507,139.64100480079654,,,,,,,,
2,253,35.949445158358415,139.640725851059,35.94905865837532,139.64059710502627,,,,,,,,
2,3,35.949445158358415,139.640725851059,35.949336591138376,139.64121937751773,,,,,,,,
3,5,35.949336591138376,139.64121937751773,35.95034408920849,139.64154660701755,,,,,,,,
3,9,35.949336591138376,139.64121937751773,35.94922368107132,139.6417021751404,,,,,,,,
4,182,35.95053950760507,139.64100480079654,35.95088402181778,139.6413052082062,,,,,,,,
4,5,35.95053950760507,139.64100480079654,35.95034408920849,139.64154660701755,,,,,,,,
5,8,35.95034408920849,139.64154660701755,35.95019643943272,139.64203476905826,,,,,,,,
6,182,35.95094337075962,139.64133739471438,35.95088402181778,139.6413052082062,,,,,,,,
6,7,35.95094337075962,139.64133739471438,35.95065675841103,139.64219033718112,,,,,,,,
7,183,35.95065675841103,139.64219033718112,35.95059306663128,139.64215815067294,,,,,,,,
7,184,35.95065675841103,139.64219033718112,35.95064952070647,139.64227080345157,,,,,,,,
8,9,35.95019643943272,139.64203476905826,35.94922368107132,139.6417021751404,,,,,,,,
8,186,35.95019643943272,139.64203476905826,35.950154460519,139.64212596416476,,,,,,,,
8,183,35.95019643943272,139.64203476905826,35.95059306663128,139.64215815067294,,,,,,,,
9,187,35.94922368107132,139.6417021751404,35.94920341513924,139.64179873466495,,,,,,,,
9,10,35.94922368107132,139.6417021751404,35.94878072463459,139.6415573358536,,,,,,,,
10,56,35.94878072463459,139.6415573358536,35.948569378525974,139.64147686958316,,,,,,,,
10,188,35.94878072463459,139.6415573358536,35.948751773141495,139.64165389537814,,,,,,,,
11,188,35.94860701555013,139.64234590530398,35.948751773141495,139.64165389537814,,,,,,,,
11,12,35.94860701555013,139.64234590530398,35.94846804800758,139.6430164575577,,,,,,,,
12,252,35.94846804800758,139.6430164575577,35.94823788247757,139.64295744895938,,,,,,,,
12,55,35.94846804800758,139.6430164575577,35.948259596235474,139.64289844036105,,,,,,,,
12,13,35.94846804800758,139.6430164575577,35.948745982848244,139.6431237459183,,,,,,,,
13,14,35.948745982848244,139.6431237459183,35.94888494990193,139.64316666126254,35.94905431566815,139.6424371004105,,,,,,
13,19,35.948745982848244,139.6431237459183,35.94865478558642,139.64362263679507,,,,,,,,
13,16,35.948745982848244,139.6431237459183,35.949727432432255,139.64346170425418,,,,,,,,
14,187,35.94905431566815,139.6424371004105,35.94920341513924,139.64179873466495,,,,,,,,
14,15,35.94905431566815,139.6424371004105,35.94994456564896,139.6427428722382,,,,,,,,
15,186,35.94994456564896,139.6427428722382,35.950154460519,139.64212596416476,,,,,,,,
15,16,35.94994456564896,139.6427428722382,35.949727432432255,139.64346170425418,,,,,,,,
16,189,35.949727432432255,139.64346170425418,35.950115376687876,139.64355826377871,,,,,,,,
16,191,35.949727432432255,139.64346170425418,35.95009366343998,139.6436280012131,,,,,,,,
17,190,35.95018775414321,139.6435904502869,35.95016314581218,139.64366018772128,,,,,,,,
17,189,35.95018775414321,139.6435904502869,35.950115376687876,139.64355826377871,,,,,,,,
17,184,35.95018775414321,139.6435904502869,35.95064952070647,139.64227080345157,,,,,,,,
18,190,35.950014048152255,139.6440947055817,35.95016314581218,139.64366018772128,,,,,,,,
18,192,35.950014048152255,139.6440947055817,35.9499546985123,139.64406251907351,,,,,,,,
18,22,35.950014048152255,139.6440947055817,35.9495667534677,139.64545190334323,,,,,,,,
18,23,35.950014048152255,139.6440947055817,35.949918509694456,139.64438974857333,35.95034843184478,139.64459359645846,,,,,,
19,20,35.94865478558642,139.64362263679507,35.948415935116095,139.64464724063876,,,,,,,,
19,192,35.94865478558642,139.64362263679507,35.9499546985123,139.64406251907351,,,,,,,,
20,21,35.948415935116095,139.64464724063876,35.94792086093282,139.64431464672091,,,,,,,,
20,194,35.948415935116095,139.64464724063876,35.94949871812648,139.64540362358096,,,,,,,,
21,26,35.94792086093282,139.64431464672091,35.947777549406084,139.6449798345566,,,,,,,,
21,252,35.94792086093282,139.64431464672091,35.94823788247757,139.64295744895938,,,,,,,,
22,24,35.9495667534677,139.64545190334323,35.949970621594844,139.64572548866275,,,,,,,,
22,194,35.9495667534677,139.64545190334323,35.94949871812648,139.64540362358096,,,,,,,,
22,25,35.9495667534677,139.64545190334323,35.949393046111425,139.6459668874741,,,,,,,,
23,24,35.95034843184478,139.64459359645846,35.949970621594844,139.64572548866275,,,,,,,,
24,57,35.949970621594844,139.64572548866275,35.950193544330794,139.6459347009659,,,,,,,,
25,196,35.949393046111425,139.6459668874741,35.9493640948427,139.64604735374454,,,,,,,,
25,195,35.949393046111425,139.6459668874741,35.94933803869677,139.64590787887576,,,,,,,,
25,60,35.949393046111425,139.6459668874741,35.95002418100671,139.64642822742465,,,,,,,,
26,195,35.947777549406084,139.6449798345566,35.94843330608375,139.6454465389252,35.94881980912595,139.6456289291382,35.94933803869677,139.64590787887576,,,,
26,198,35.947777549406084,139.6449798345566,35.947705169742804,139.64492082595828,,,,,,,,
26,199,35.947777549406084,139.6449798345566,35.94776596865978,139.6450871229172,,,,,,,,
27,29,35.94795994584956,139.64574694633487,35.94786874768044,139.6461117267609,,,,,,,,
27,28,35.94795994584956,139.64574694633487,35.948042458388024,139.64585423469546,35.948620043744704,139.64602589607242,,,,,,
27,199,35.94795994584956,139.64574694633487,35.94807720048373,139.64529633522037,35.94776596865978,139.6450871229172,,,,,,
28,31,35.948620043744704,139.64602589607242,35.9485722736874,139.646310210228,,,,,,,,
29,31,35.94786874768044,139.6461117267609,35.9485722736874,139.646310210228,,,,,,,,
29,30,35.94786874768044,139.6461117267609,35.9477124077171,139.64671254158023,,,,,,,,
30,38,35.9477124077171,139.64671254158023,35.94740841245834,139.64654088020328,,,,,,,,
30,39,35.9477124077171,139.64671254158023,35.94738235566744,139.64799463748935,,,,,,,,
30,37,35.9477124077171,139.64671254158023,35.948185769434296,139.647029042244,,,,,,,,
31,36,35.9485722736874,139.646310210228,35.94875032557236,139.64637994766238,35.94846370526793,139.64723825454715,,,,,,
31,37,35.9485722736874,139.646310210228,35.94831605197803,139.64625120162967,35.94809891428577,139.64695394039157,35.948185769434296,139.647029042244,,,,
31,32,35.9485722736874,139.646310210228,35.949167225977284,139.64650332927707,,,,,,,,
32,33,35.949167225977284,139.64650332927707,35.94950595593645,139.64673399925235,,,,,,,,
32,35,35.949167225977284,139.64650332927707,35.948828494565845,139.64750647544864,,,,,,,,
32,197,35.949167225977284,139.64650332927707,35.94930763984899,139.6460205316544,,,,,,,,
32,196,35.949167225977284,139.64650332927707,35.9493640948427,139.64604735374454,,,,,,,,
33,105,35.94950595593645,139.64673399925235,35.94984178932857,139.64696466922763,,,,,,,,
33,34,35.94950595593645,139.64673399925235,35.949167225977284,139.64777469635013,,,,,,,,
34,35,35.949167225977284,139.64777469635013,35.948828494565845,139.64750647544864,,,,,,,,
34,106,35.949167225977284,139.64777469635013,35.94948134739307,139.64803755283359,,,,,,,,
34,48,35.949167225977284,139.64777469635013,35.94872426922402,139.64905679225924,,,,,,,,
35,47,35.948828494565845,139.64750647544864,35.948385535913545,139.64879930019382,,,,,,,,
35,36,35.948828494565845,139.64750647544864,35.94846370526793,139.64723825454715,,,,,,,,
36,37,35.94846370526793,139.64723825454715,35.948185769434296,139.647029042244,,,,,,,,
36,46,35.94846370526793,139.64723825454715,35.948046801150845,139.64852035045627,,,,,,,,
37,43,35.948185769434296,139.647029042244,35.94776886385064,139.64831650257113,,,,,,,,
38,199,35.94740841245834,139.64654088020328,35.94776596865978,139.6450871229172,,,,,,,,
38,40,35.94740841245834,139.64654088020328,35.94710007321539,139.64780151844028,,,,,,,,
39,41,35.94738235566744,139.64799463748935,35.94738235566744,139.64799463748935,35.94753435349313,139.64814484119418,35.94753435349313,139.64814484119418,,,,
39,40,35.94738235566744,139.64799463748935,35.94710007321539,139.64780151844028,,,,,,,,
40,42,35.94710007321539,139.64780151844028,35.946952417377204,139.6484345197678,,,,,,,,
41,43,35.94753435349313,139.64814484119418,35.94776886385064,139.64831650257113,,,,,,,,
41,42,35.94753435349313,139.64814484119418,35.94737367006857,139.64829504489902,35.946952417377204,139.6484345197678,,,,,,
42,45,35.946952417377204,139.6484345197678,35.947126130099356,139.6488690376282,,,,,,,,
42,54,35.946952417377204,139.6484345197678,35.94667881906537,139.64950740337375,,,,,,,,
43,45,35.94776886385064,139.64831650257113,35.94780794884257,139.6485632658005,35.94728681402733,139.64875102043155,35.947126130099356,139.6488690376282,,,,
43,44,35.94776886385064,139.64831650257113,35.9479165181631,139.64901924133304,35.94819011218923,139.64936792850497,,,,,,
43,46,35.94776886385064,139.64831650257113,35.948046801150845,139.64852035045627,,,,,,,,
44,47,35.94819011218923,139.64936792850497,35.948385535913545,139.64879930019382,,,,,,,,
44,52,35.94819011218923,139.64936792850497,35.94796863138398,139.65008676052096,,,,,,,,
46,47,35.948046801150845,139.64852035045627,35.948385535913545,139.64879930019382,,,,,,,,
47,48,35.948385535913545,139.64879930019382,35.94872426922402,139.64905679225924,,,,,,,,
48,107,35.94872426922402,139.64905679225924,35.94905576323171,139.64929819107059,,,,,,,,
48,49,35.94872426922402,139.64905679225924,35.948298680984635,139.65033352375033,,,,,,,,
49,50,35.948298680984635,139.65033352375033,35.94815971289976,139.65073049068454,35.948042458388024,139.65081632137301,,,,,,
49,52,35.948298680984635,139.65033352375033,35.94796863138398,139.65008676052096,,,,,,,,
49,101,35.948298680984635,139.65033352375033,35.9486258340472,139.65056955814364,,,,,,,,
50,100,35.948042458388024,139.65081632137301,35.94813799911442,139.6510094404221,35.948472390746986,139.6509021520615,35.94858095915452,139.65128839015964,35.94857372125979,139.65129375457767,,
50,51,35.948042458388024,139.65081632137301,35.94776017829426,139.65035498142245,,,,,,,,
51,52,35.94776017829426,139.65035498142245,35.94796863138398,139.65008676052096,,,,,,,,
55,205,35.948259596235474,139.64289844036105,35.94819011218923,139.64287698268893,,,,,,,,
55,207,35.948259596235474,139.64289844036105,35.94855200758822,139.6415734291077,,,,,,,,
55,252,35.948259596235474,139.64289844036105,35.94823788247757,139.64295744895938,,,,,,,,
56,206,35.948569378525974,139.64147686958316,35.94849120927611,139.64144468307498,,,,,,,,
56,207,35.948569378525974,139.64147686958316,35.94855200758822,139.6415734291077,,,,,,,,
56,256,35.948569378525974,139.64147686958316,35.94869821286709,139.64106380939486,,,,,,,,
57,59,35.950193544330794,139.6459347009659,35.95038027783141,139.645408987999,,,,,,,,
57,58,35.950193544330794,139.6459347009659,35.95085796617313,139.64646041393283,,,,,,,,
57,60,35.950193544330794,139.6459347009659,35.95002418100671,139.64642822742465,,,,,,,,
58,66,35.95085796617313,139.64646041393283,35.950714659973876,139.64695394039157,,,,,,,,
58,210,35.95085796617313,139.64646041393283,35.950671233801565,139.64691102504733,,,,,,,,
58,61,35.95085796617313,139.64646041393283,35.9510403555053,139.64591860771182,,,,,,,,
58,63,35.95085796617313,139.64646041393283,35.95154843785321,139.64700758457187,,,,,,,,
59,61,35.95038027783141,139.645408987999,35.9510403555053,139.64591860771182,,,,,,,,
60,210,35.95002418100671,139.64642822742465,35.950671233801565,139.64691102504733,,,,,,,,
60,209,35.95002418100671,139.64642822742465,35.949998125078466,139.6465247869492,,,,,,,,
61,62,35.9510403555053,139.64591860771182,35.951743853270784,139.6464711427689,,,,,,,,
62,64,35.951743853270784,139.6464711427689,35.95213323514868,139.64675545692447,35.95256459274617,139.6472489833832,,,,,,
62,63,35.951743853270784,139.6464711427689,35.95154843785321,139.64700758457187,,,,,,,,
63,68,35.95154843785321,139.64700758457187,35.95138342001304,139.6474635601044,,,,,,,,
63,65,35.95154843785321,139.64700758457187,35.952347466730316,139.64763522148135,,,,,,,,
64,65,35.95256459274617,139.6472489833832,35.952347466730316,139.64763522148135,,,,,,,,
65,70,35.952347466730316,139.64763522148135,35.95214771026869,139.64803755283359,,,,,,,,
65,108,35.952347466730316,139.64763522148135,35.9530524003464,139.64842915534976,,,,,,,,
65,215,35.952347466730316,139.64763522148135,35.95209994234434,139.64800000190738,,,,,,,,
66,210,35.950714659973876,139.64695394039157,35.950671233801565,139.64691102504733,,,,,,,,
66,68,35.950714659973876,139.64695394039157,35.95138342001304,139.6474635601044,,,,,,,,
66,211,35.950714659973876,139.64695394039157,35.95068860427335,139.64704513549808,,,,,,,,
67,104,35.950532269889806,139.6474474668503,35.95018920168598,139.64722216129306,,,,,,,,
67,98,35.950532269889806,139.6474474668503,35.95016314581218,139.64849889278415,,,,,,,,
67,211,35.950532269889806,139.6474474668503,35.95068860427335,139.64704513549808,,,,,,,,
67,97,35.950532269889806,139.6474474668503,35.95084059573857,139.6476995944977,,,,,,,,
67,212,35.950532269889806,139.6474474668503,35.95064083546677,139.64701831340793,,,,,,,,
68,69,35.95138342001304,139.6474635601044,35.951683057414904,139.64771032333377,,,,,,,,
69,215,35.951683057414904,139.64771032333377,35.95209994234434,139.64800000190738,,,,,,,,
70,117,35.95214771026869,139.64803755283359,35.952441554749306,139.64827895164493,35.952702105586376,139.64853107929233,35.95293804809744,139.64880466461184,,,,
70,215,35.95214771026869,139.64803755283359,35.95209994234434,139.64800000190738,,,,,,,,
70,216,35.95214771026869,139.64803755283359,35.95210862742366,139.6481287479401,,,,,,,,
71,217,35.95193058310707,139.6485096216202,35.95205651693351,139.6480965614319,,,,,,,,
71,88,35.95193058310707,139.6485096216202,35.95150935471168,139.64818775653842,,,,,,,,
71,74,35.95193058310707,139.6485096216202,35.95154843785321,139.6495342254639,,,,,,,,
71,216,35.95193058310707,139.6485096216202,35.95210862742366,139.6481287479401,,,,,,,,
71,219,35.95193058310707,139.6485096216202,35.95150935471168,139.6494966745377,,,,,,,,
71,72,35.95193058310707,139.6485096216202,35.95229101386847,139.6489602327347,,,,,,,,
72,73,35.95229101386847,139.6489602327347,35.951947953301975,139.64985072612765,,,,,,,,
72,118,35.95229101386847,139.6489602327347,35.952681840546575,139.6494430303574,,,,,,,,
73,74,35.951947953301975,139.64985072612765,35.95154843785321,139.6495342254639,,,,,,,,
73,136,35.951947953301975,139.64985072612765,35.95236483683357,139.6501833200455,,,,,,,,
74,220,35.95154843785321,139.6495342254639,35.95152238242767,139.64959323406222,,,,,,,,
74,219,35.95154843785321,139.6495342254639,35.95150935471168,139.6494966745377,,,,,,,,
75,220,35.95129222579559,139.65013504028323,35.95152238242767,139.64959323406222,,,,,,,,
75,221,35.95129222579559,139.65013504028323,35.95148764184693,139.64956104755404,,,,,,,,
75,86,35.95129222579559,139.65013504028323,35.95093613308132,139.64992582798007,,,,,,,,
75,76,35.95129222579559,139.65013504028323,35.95117063334192,139.65052127838138,,,,,,,,
76,82,35.95117063334192,139.65052127838138,35.95081019746893,139.6515727043152,,,,,,,,
76,83,35.95117063334192,139.65052127838138,35.951056278369045,139.65082168579104,35.950705974741325,139.65057492256167,,,,,,
76,77,35.95117063334192,139.65052127838138,35.95158752097541,139.65078949928287,,,,,,,,
77,78,35.95158752097541,139.65078949928287,35.95125748511363,139.6517658233643,,,,,,,,
77,137,35.95158752097541,139.65078949928287,35.95200006386373,139.65102016925815,,,,,,,,
78,81,35.95125748511363,139.6517658233643,35.95096218870021,139.6516960859299,,,,,,,,
78,79,35.95125748511363,139.6517658233643,35.95128788321119,139.6526670455933,,,,,,,,
78,138,35.95125748511363,139.6517658233643,35.95173516815139,139.6517336368561,,,,,,,,
79,150,35.95128788321119,139.6526670455933,35.9515209349093,139.65266168117526,35.9517568809481,139.65257048606875,,,,,,
79,80,35.95128788321119,139.6526670455933,35.951079438878836,139.6527045965195,,,,,,,,
80,81,35.951079438878836,139.6527045965195,35.95096218870021,139.6516960859299,,,,,,,,
81,82,35.95096218870021,139.6516960859299,35.95083046298885,139.6516424417496,35.95081019746893,139.6515727043152,,,,,,
82,243,35.95081019746893,139.6515727043152,35.95034843184478,139.65195357799533,,,,,,,,
82,84,35.95081019746893,139.6515727043152,35.95080874993751,139.65145468711856,35.9504019910005,139.65144932270053,,,,,,
83,85,35.950705974741325,139.65057492256167,35.950371592562085,139.65030133724215,,,,,,,,
83,84,35.950705974741325,139.65057492256167,35.9504019910005,139.65144932270053,,,,,,,,
83,86,35.950705974741325,139.65057492256167,35.95093613308132,139.64992582798007,,,,,,,,
85,91,35.950371592562085,139.65030133724215,35.94993298522026,139.65158343315127,,,,,,,,
85,94,35.950371592562085,139.65030133724215,35.950058922230994,139.65005457401278,,,,,,,,
85,223,35.950371592562085,139.65030133724215,35.9508145400796,139.64904606342319,,,,,,,,
86,222,35.95093613308132,139.64992582798007,35.95113155001349,139.64929819107059,,,,,,,,
87,219,35.951148920384064,139.6492445468903,35.95150935471168,139.6494966745377,,,,,,,,
87,222,35.951148920384064,139.6492445468903,35.95113155001349,139.64929819107059,,,,,,,,
87,88,35.951148920384064,139.6492445468903,35.95150935471168,139.64818775653842,,,,,,,,
87,90,35.951148920384064,139.6492445468903,35.951148920384064,139.6492445468903,35.95083625312935,139.6489924192429,35.95083625312935,139.6489924192429,,,,
88,214,35.95150935471168,139.64818775653842,35.951665687161764,139.64778006076816,,,,,,,,
88,89,35.95150935471168,139.64818775653842,35.95120537406207,139.64796245098117,,,,,,,,
89,90,35.95120537406207,139.64796245098117,35.95083625312935,139.6489924192429,,,,,,,,
89,97,35.95120537406207,139.64796245098117,35.95084059573857,139.6476995944977,,,,,,,,
90,223,35.95083625312935,139.6489924192429,35.9508145400796,139.64904606342319,,,,,,,,
90,96,35.95083625312935,139.6489924192429,35.950493186245566,139.64872956275943,,,,,,,,
91,92,35.94993298522026,139.65158343315127,35.949620313153346,139.6513366699219,,,,,,,,
91,242,35.94993298522026,139.65158343315127,35.95006181733784,139.65166389942172,,,,,,,,
92,151,35.949620313153346,139.6513366699219,35.94932501062059,139.6522164344788,,,,,,,,
92,94,35.949620313153346,139.6513366699219,35.950058922230994,139.65005457401278,,,,,,,,
92,93,35.949620313153346,139.6513366699219,35.9492902690736,139.65107917785647,,,,,,,,
93,95,35.9492902690736,139.65107917785647,35.949728879983496,139.64980781078341,,,,,,,,
93,151,35.9492902690736,139.65107917785647,35.949084714613406,139.65164780616763,35.94932501062059,139.6522164344788,,,,,,
93,99,35.9492902690736,139.65107917785647,35.94896022361512,139.65084314346316,,,,,,,,
94,224,35.950058922230994,139.65005457401278,35.95046713047199,139.64878320693973,,,,,,,,
94,95,35.950058922230994,139.65005457401278,35.949728879983496,139.64980781078341,,,,,,,,
95,225,35.949728879983496,139.64980781078341,35.950145775224875,139.6485632658005,,,,,,,,
95,102,35.949728879983496,139.64980781078341,35.94938580829109,139.64955568313601,,,,,,,,
96,224,35.950493186245566,139.64872956275943,35.95046713047199,139.64878320693973,,,,,,,,
96,98,35.950493186245566,139.64872956275943,35.95016314581218,139.64849889278415,,,,,,,,
96,97,35.950493186245566,139.64872956275943,35.95084059573857,139.6476995944977,,,,,,,,
98,103,35.95016314581218,139.64849889278415,35.9498244186706,139.64828431606296,,,,,,,,
98,225,35.95016314581218,139.64849889278415,35.950145775224875,139.6485632658005,,,,,,,,
99,100,35.94896022361512,139.65084314346316,35.94884152272391,139.65118646621707,35.94857372125979,139.65129375457767,,,,,,
99,102,35.94896022361512,139.65084314346316,35.94938580829109,139.64955568313601,,,,,,,,
99,101,35.94896022361512,139.65084314346316,35.9486258340472,139.65056955814364,,,,,,,,
100,101,35.94857372125979,139.65129375457767,35.94848976170219,139.65089142322543,35.9486258340472,139.65056955814364,,,,,,
101,107,35.9486258340472,139.65056955814364,35.94905576323171,139.64929819107059,,,,,,,,
102,107,35.94938580829109,139.64955568313601,35.94905576323171,139.64929819107059,,,,,,,,
102,103,35.94938580829109,139.64955568313601,35.9498244186706,139.64828431606296,,,,,,,,
103,104,35.9498244186706,139.64828431606296,35.95018920168598,139.64722216129306,,,,,,,,
103,106,35.9498244186706,139.64828431606296,35.94948134739307,139.64803755283359,,,,,,,,
103,225,35.9498244186706,139.64828431606296,35.950145775224875,139.6485632658005,,,,,,,,
104,105,35.95018920168598,139.64722216129306,35.94984178932857,139.64696466922763,,,,,,,,
105,209,35.94984178932857,139.64696466922763,35.949998125078466,139.6465247869492,,,,,,,,
105,106,35.94984178932857,139.64696466922763,35.94948134739307,139.64803755283359,,,,,,,,
106,107,35.94948134739307,139.64803755283359,35.94905576323171,139.64929819107059,,,,,,,,
108,117,35.9530524003464,139.64842915534976,35.95293804809744,139.64880466461184,,,,,,,,
108,109,35.9530524003464,139.64842915534976,35.95349533283314,139.64894413948062,,,,,,,,
109,110,35.95349533283314,139.64894413948062,35.953946947713526,139.64946985244754,,,,,,,,
110,112,35.953946947713526,139.64946985244754,35.95435224093178,139.64989900588992,35.95493991238314,139.65020477771762,,,,,,
110,111,35.953946947713526,139.64946985244754,35.95379785719466,139.65001165866855,,,,,,,,
111,117,35.95379785719466,139.65001165866855,35.95293804809744,139.64880466461184,,,,,,,,
111,113,35.95379785719466,139.65001165866855,35.95390062836848,139.65015113353732,35.95422196834196,139.65037107467654,35.9548226679342,139.6506178379059,,,,
112,113,35.95493991238314,139.65020477771762,35.9548226679342,139.6506178379059,,,,,,,,
112,114,35.95493991238314,139.65020477771762,35.95537270211923,139.65039253234866,35.955663639702294,139.65059101581576,35.95609063570155,139.65092897415164,,,,
113,116,35.9548226679342,139.6506178379059,35.955361122486245,139.65098261833194,,,,,,,,
114,115,35.95609063570155,139.65092897415164,35.95583009604095,139.6514064073563,,,,,,,,
115,116,35.95583009604095,139.6514064073563,35.955361122486245,139.65098261833194,,,,,,,,
115,169,35.95583009604095,139.6514064073563,35.956152875598896,139.6517336368561,,,,,,,,
118,119,35.952681840546575,139.6494430303574,35.95299450049693,139.64987218379977,,,,,,,,
118,230,35.952681840546575,139.6494430303574,35.952894623147294,139.6489065885544,,,,,,,,
118,136,35.952681840546575,139.6494430303574,35.95236483683357,139.6501833200455,,,,,,,,
119,120,35.95299450049693,139.64987218379977,35.95268618305437,139.65043008327487,,,,,,,,
119,121,35.95299450049693,139.64987218379977,35.95358507702686,139.65052127838138,,,,,,,,
120,136,35.95268618305437,139.65043008327487,35.95236483683357,139.6501833200455,,,,,,,,
120,231,35.95268618305437,139.65043008327487,35.9526384154556,139.65046763420108,,,,,,,,
120,134,35.95268618305437,139.65043008327487,35.952981473023705,139.65068221092227,,,,,,,,
121,226,35.95358507702686,139.65052127838138,35.95375877516599,139.65012431144717,,,,,,,,
121,123,35.95358507702686,139.65052127838138,35.95410617029845,139.650993347168,,,,,,,,
121,122,35.95358507702686,139.65052127838138,35.953398351101306,139.65098798274997,,,,,,,,
122,124,35.953398351101306,139.65098798274997,35.953984582175885,139.65131521224978,,,,,,,,
122,134,35.953398351101306,139.65098798274997,35.952981473023705,139.65068221092227,,,,,,,,
122,232,35.953398351101306,139.65098798274997,35.95337229628592,139.65103626251224,,,,,,,,
123,125,35.95410617029845,139.650993347168,35.95459686332003,139.65134203433993,,,,,,,,
123,124,35.95410617029845,139.650993347168,35.953984582175885,139.65131521224978,,,,,,,,
124,233,35.953984582175885,139.65131521224978,35.95396286999144,139.65136885643008,,,,,,,,
124,126,35.953984582175885,139.65131521224978,35.95454041206563,139.65163171291354,,,,,,,,
125,227,35.95459686332003,139.65134203433993,35.95480529837142,139.6507036685944,,,,,,,,
125,126,35.95459686332003,139.65134203433993,35.95454041206563,139.65163171291354,,,,,,,,
126,127,35.95454041206563,139.65163171291354,35.95490083091949,139.65183556079867,,,,,,,,
126,234,35.95454041206563,139.65163171291354,35.95451870003396,139.6516960859299,,,,,,,,
127,229,35.95490083091949,139.65183556079867,35.95532638359364,139.65105235576632,,,,,,,,
127,128,35.95490083091949,139.65183556079867,35.95502097017753,139.65190529823306,35.9554045460805,139.6522915363312,,,,,,
127,235,35.95490083091949,139.65183556079867,35.95489648853345,139.6518784761429,,,,,,,,
128,236,35.9554045460805,139.6522915363312,35.955369807207006,139.65228617191318,,,,,,,,
128,228,35.9554045460805,139.6522915363312,35.95578667268063,139.65149223804477,,,,,,,,
128,171,35.9554045460805,139.6522915363312,35.95565784989905,139.65252757072452,,,,,,,,
129,130,35.9551744007589,139.65266168117526,35.954944254766794,139.65305328369143,,,,,,,,
129,236,35.9551744007589,139.65266168117526,35.955369807207006,139.65228617191318,,,,,,,,
129,131,35.9551744007589,139.65266168117526,35.95497754637239,139.65249538421634,35.95482990525643,139.6523827314377,35.95437540047532,139.6521842479706,,,,
130,140,35.954944254766794,139.65305328369143,35.95458673105209,139.65270996093753,35.95433052884841,139.65260267257693,35.95365455632835,139.65245783329013,,,,
130,142,35.954944254766794,139.65305328369143,35.955104922794206,139.653337597847,,,,,,,,
131,234,35.95437540047532,139.6521842479706,35.95451870003396,139.6516960859299,,,,,,,,
131,132,35.95437540047532,139.6521842479706,35.953706665764344,139.65206623077395,,,,,,,,
132,140,35.953706665764344,139.65206623077395,35.95365455632835,139.65245783329013,,,,,,,,
132,233,35.953706665764344,139.65206623077395,35.95396286999144,139.65136885643008,,,,,,,,
132,133,35.953706665764344,139.65206623077395,35.95324491707023,139.65207159519198,35.953105957685565,139.65199649333957,35.95302055543694,139.6519106626511,,,,
133,135,35.95302055543694,139.6519106626511,35.95289317565406,139.65179800987246,35.95273684563306,139.65172290802005,35.95256025023169,139.651712179184,,,,
133,232,35.95302055543694,139.6519106626511,35.95337229628592,139.65103626251224,,,,,,,,
134,237,35.952981473023705,139.65068221092227,35.952972788040356,139.65073049068454,,,,,,,,
135,237,35.95256025023169,139.651712179184,35.952972788040356,139.65073049068454,,,,,,,,
135,139,35.95256025023169,139.651712179184,35.95249511248601,139.65222716331485,,,,,,,,
135,138,35.95256025023169,139.651712179184,35.95173516815139,139.6517336368561,,,,,,,,
136,238,35.95236483683357,139.6501833200455,35.95234312420392,139.6502369642258,,,,,,,,
137,138,35.95200006386373,139.65102016925815,35.95173516815139,139.6517336368561,,,,,,,,
137,238,35.95200006386373,139.65102016925815,35.95234312420392,139.6502369642258,,,,,,,,
138,231,35.95173516815139,139.6517336368561,35.9521810030529,139.65169072151187,35.9526384154556,139.65046763420108,,,,,,
138,150,35.95173516815139,139.6517336368561,35.95183794200869,139.65173900127414,35.9517568809481,139.65257048606875,,,,,,
139,140,35.95249511248601,139.65222716331485,35.95365455632835,139.65245783329013,,,,,,,,
139,148,35.95249511248601,139.65222716331485,35.95241694712032,139.65280115604403,,,,,,,,
139,149,35.95249511248601,139.65222716331485,35.9522374559934,139.65217888355258,35.95214771026869,139.65264022350314,,,,,,
140,141,35.95365455632835,139.65245783329013,35.95360244685796,139.65283870697024,,,,,,,,
141,148,35.95360244685796,139.65283870697024,35.952463267351874,139.6525973081589,35.95241694712032,139.65280115604403,,,,,,
141,147,35.95360244685796,139.65283870697024,35.953563364732595,139.65321958065036,,,,,,,,
141,143,35.95360244685796,139.65283870697024,35.95423499561061,139.65297818183902,35.954617127868566,139.65314984321597,35.95485740704833,139.65350925922397,,,,
142,143,35.955104922794206,139.653337597847,35.95485740704833,139.65350925922397,,,,,,,,
143,144,35.95485740704833,139.65350925922397,35.95458383611107,139.65370237827304,,,,,,,,
144,147,35.95458383611107,139.65370237827304,35.95430881675905,139.6533912420273,35.954156831966465,139.65332150459292,35.953563364732595,139.65321958065036,,,,
144,145,35.95458383611107,139.65370237827304,35.95420170369205,139.6541261672974,,,,,,,,
145,146,35.95420170369205,139.6541261672974,35.95406564095057,139.65393841266635,35.95360968429199,139.65354681015017,35.95332308161666,139.65347170829776,35.952972788040356,139.65310692787173,,
146,147,35.952972788040356,139.65310692787173,35.953563364732595,139.65321958065036,,,,,,,,
146,148,35.952972788040356,139.65310692787173,35.952810668181534,139.6530479192734,35.95241694712032,139.65280115604403,,,,,,
148,149,35.95241694712032,139.65280115604403,35.95214771026869,139.65264022350314,,,,,,,,
149,150,35.95214771026869,139.65264022350314,35.9517568809481,139.65257048606875,,,,,,,,
151,152,35.94932501062059,139.6522164344788,35.94952911690073,139.6528655290604,,,,,,,,
152,153,35.94952911690073,139.6528655290604,35.94907313405868,139.65311229228976,,,,,,,,
152,154,35.94952911690073,139.6528655290604,35.94966373990329,139.65328395366672,,,,,,,,
153,155,35.94907313405868,139.65311229228976,35.94928158368447,139.6535682678223,,,,,,,,
154,155,35.94966373990329,139.65328395366672,35.94936698997504,139.65345025062564,35.94928158368447,139.6535682678223,,,,,,
155,156,35.94928158368447,139.6535682678223,35.94969848128609,139.6545767784119,,,,,,,,
156,157,35.94969848128609,139.6545767784119,35.9503151382883,139.65414226055148,,,,,,,,
156,168,35.94969848128609,139.6545767784119,35.94985481731954,139.65496838092807,,,,,,,,
157,158,35.9503151382883,139.65414226055148,35.95051055675649,139.65452849864963,,,,,,,,
158,160,35.95051055675649,139.65452849864963,35.95117931852337,139.65633094310763,,,,,,,,
158,159,35.95051055675649,139.65452849864963,35.950236970765665,139.6547377109528,,,,,,,,
159,161,35.950236970765665,139.6547377109528,35.950944818288576,139.65649187564853,,,,,,,,
159,168,35.950236970765665,139.6547377109528,35.94985481731954,139.65496838092807,,,,,,,,
160,161,35.95117931852337,139.65633094310763,35.950944818288576,139.65649187564853,,,,,,,,
160,162,35.95117931852337,139.65633094310763,35.95131683377492,139.65626120567325,35.95156001804511,139.65677082538608,35.95164831690482,139.65692639350894,,,,
161,167,35.950944818288576,139.65649187564853,35.9505756961385,139.6567386388779,,,,,,,,
161,163,35.950944818288576,139.65649187564853,35.95131393871405,139.6571731567383,,,,,,,,
162,163,35.95164831690482,139.65692639350894,35.95131393871405,139.6571731567383,,,,,,,,
162,164,35.95164831690482,139.65692639350894,35.95172937807678,139.65689420700076,35.95187847249949,139.6570980548859,,,,,,
163,165,35.95131393871405,139.6571731567383,35.95143987352346,139.65746283531192,,,,,,,,
164,165,35.95187847249949,139.6570980548859,35.951868339882886,139.6571516990662,35.95143987352346,139.65746283531192,,,,,,
164,181,35.95187847249949,139.6570980548859,35.95202467162258,139.65689420700076,35.95231127900852,139.65730726718905,35.95392668300962,139.6560734510422,35.953955632589775,139.65596079826358,,
165,166,35.95143987352346,139.65746283531192,35.95100995731251,139.65777933597568,,,,,,,,
166,167,35.95100995731251,139.65777933597568,35.9505756961385,139.6567386388779,,,,,,,,
167,168,35.9505756961385,139.6567386388779,35.94985481731954,139.65496838092807,,,,,,,,
169,250,35.956152875598896,139.6517336368561,35.95660592272745,139.6521466970444,,,,,,,,
170,171,35.955901020805946,139.65217351913455,35.95565784989905,139.65252757072452,,,,,,,,
170,239,35.955901020805946,139.65217351913455,35.95612971657651,139.6518248319626,,,,,,,,
171,236,35.95565784989905,139.65252757072452,35.955369807207006,139.65228617191318,,,,,,,,
171,173,35.95565784989905,139.65252757072452,35.95577219822741,139.65287625789645,35.95599365715604,139.65335905551913,35.95585759748463,139.65345025062564,,,,
172,176,35.95689975060791,139.65291380882266,35.957090810522324,139.65377211570743,,,,,,,,
172,247,35.95689975060791,139.65291380882266,35.95683606387809,139.65259194374087,35.95666671479468,139.65220570564273,,,,,,
173,175,35.95585759748463,139.65345025062564,35.95606602920929,139.65394377708438,,,,,,,,
173,240,35.95585759748463,139.65345025062564,35.95621945777732,139.6532088518143,35.95682014217934,139.6529567241669,,,,,,
173,179,35.95585759748463,139.65345025062564,35.95561442644405,139.6536433696747,,,,,,,,
174,240,35.95662184445281,139.6535682678223,35.95654078831777,139.65309083461764,35.95682014217934,139.6529567241669,,,,,,
174,175,35.95662184445281,139.6535682678223,35.95606602920929,139.65394377708438,,,,,,,,
175,178,35.95606602920929,139.65394377708438,35.95577075077036,139.65408325195315,,,,,,,,
176,241,35.957090810522324,139.65377211570743,35.95699817547554,139.6538418531418,,,,,,,,
177,241,35.955901020805946,139.65450167655948,35.95699817547554,139.6538418531418,,,,,,,,
177,180,35.955901020805946,139.65450167655948,35.95454620193422,139.65552091598514,,,,,,,,
177,178,35.955901020805946,139.65450167655948,35.95577075077036,139.65408325195315,,,,,,,,
178,179,35.95577075077036,139.65408325195315,35.95561442644405,139.6536433696747,,,,,,,,
179,180,35.95561442644405,139.6536433696747,35.954591073455155,139.65441048145297,35.954508567756,139.65453922748569,35.9544521164385,139.65475380420688,35.95441737714614,139.65523660182956,35.95454620193422,139.65552091598514
180,181,35.95454620193422,139.65552091598514,35.953955632589775,139.65596079826358,,,,,,,,
182,183,35.95088402181778,139.6413052082062,35.95059306663128,139.64215815067294,,,,,,,,
183,185,35.95059306663128,139.64215815067294,35.95055832564188,139.6422600746155,,,,,,,,
184,185,35.95064952070647,139.64227080345157,35.95055832564188,139.6422600746155,,,,,,,,
185,189,35.95055832564188,139.6422600746155,35.950115376687876,139.64355826377871,,,,,,,,
185,186,35.95055832564188,139.6422600746155,35.950154460519,139.64212596416476,,,,,,,,
186,187,35.950154460519,139.64212596416476,35.94920341513924,139.64179873466495,,,,,,,,
187,188,35.94920341513924,139.64179873466495,35.948751773141495,139.64165389537814,,,,,,,,
188,207,35.948751773141495,139.64165389537814,35.94855200758822,139.6415734291077,,,,,,,,
189,191,35.950115376687876,139.64355826377871,35.95009366343998,139.6436280012131,,,,,,,,
190,191,35.95016314581218,139.64366018772128,35.95009366343998,139.6436280012131,,,,,,,,
191,192,35.95009366343998,139.6436280012131,35.9499546985123,139.64406251907351,,,,,,,,
192,194,35.9499546985123,139.64406251907351,35.94949871812648,139.64540362358096,,,,,,,,
193,198,35.94785282417429,139.64426636695865,35.947705169742804,139.64492082595828,,,,,,,,
193,251,35.94785282417429,139.64426636695865,35.94815971289976,139.6429413557053,,,,,,,,
194,195,35.94949871812648,139.64540362358096,35.94933803869677,139.64590787887576,,,,,,,,
195,197,35.94933803869677,139.64590787887576,35.94930763984899,139.6460205316544,,,,,,,,
196,197,35.9493640948427,139.64604735374454,35.94930763984899,139.6460205316544,,,,,,,,
196,209,35.9493640948427,139.64604735374454,35.949998125078466,139.6465247869492,,,,,,,,
197,199,35.94930763984899,139.6460205316544,35.94914985517097,139.64589178562167,35.948402906887864,139.64551091194156,35.948072857722586,139.64530706405642,35.94776596865978,139.6450871229172,,
198,200,35.947705169742804,139.64492082595828,35.94767911304977,139.64504420757297,,,,,,,,
199,200,35.94776596865978,139.6450871229172,35.94767911304977,139.64504420757297,,,,,,,,
205,251,35.94819011218923,139.64287698268893,35.94815971289976,139.6429413557053,,,,,,,,
205,208,35.94819011218923,139.64287698268893,35.9484694955819,139.64155197143558,,,,,,,,
206,208,35.94849120927611,139.64144468307498,35.9484694955819,139.64155197143558,,,,,,,,
207,208,35.94855200758822,139.6415734291077,35.9484694955819,139.64155197143558,,,,,,,,
209,212,35.949998125078466,139.6465247869492,35.95064083546677,139.64701831340793,,,,,,,,
210,212,35.950671233801565,139.64691102504733,35.95064083546677,139.64701831340793,,,,,,,,
211,212,35.95068860427335,139.64704513549808,35.95064083546677,139.64701831340793,,,,,,,,
211,213,35.95068860427335,139.64704513549808,35.95135302195225,139.64754402637485,,,,,,,,
213,214,35.95135302195225,139.64754402637485,35.951665687161764,139.64778006076816,,,,,,,,
214,217,35.951665687161764,139.64778006076816,35.95205651693351,139.6480965614319,,,,,,,,
215,217,35.95209994234434,139.64800000190738,35.95205651693351,139.6480965614319,,,,,,,,
216,230,35.95210862742366,139.6481287479401,35.95243721222808,139.6483486890793,35.95266736552442,139.64857399463656,35.952894623147294,139.6489065885544,,,,
216,217,35.95210862742366,139.6481287479401,35.95205651693351,139.6480965614319,,,,,,,,
218,238,35.95192624055775,139.64990437030795,35.95234312420392,139.6502369642258,,,,,,,,
218,220,35.95192624055775,139.64990437030795,35.95152238242767,139.64959323406222,,,,,,,,
219,221,35.95150935471168,139.6494966745377,35.95148764184693,139.64956104755404,,,,,,,,
220,221,35.95152238242767,139.64959323406222,35.95148764184693,139.64956104755404,,,,,,,,
221,222,35.95148764184693,139.64956104755404,35.95113155001349,139.64929819107059,,,,,,,,
222,223,35.95113155001349,139.64929819107059,35.9508145400796,139.64904606342319,,,,,,,,
223,224,35.9508145400796,139.64904606342319,35.95046713047199,139.64878320693973,,,,,,,,
224,225,35.95046713047199,139.64878320693973,35.950145775224875,139.6485632658005,,,,,,,,
226,227,35.95375877516599,139.65012431144717,35.9541785440976,139.65043008327487,35.95480529837142,139.6507036685944,,,,,,
226,230,35.95375877516599,139.65012431144717,35.952894623147294,139.6489065885544,,,,,,,,
227,229,35.95480529837142,139.6507036685944,35.95532638359364,139.65105235576632,,,,,,,,
228,239,35.95578667268063,139.65149223804477,35.95612971657651,139.6518248319626,,,,,,,,
228,229,35.95578667268063,139.65149223804477,35.95532638359364,139.65105235576632,,,,,,,,
231,237,35.9526384154556,139.65046763420108,35.952972788040356,139.65073049068454,,,,,,,,
231,238,35.9526384154556,139.65046763420108,35.95234312420392,139.6502369642258,,,,,,,,
232,237,35.95337229628592,139.65103626251224,35.952972788040356,139.65073049068454,,,,,,,,
232,233,35.95337229628592,139.65103626251224,35.95396286999144,139.65136885643008,,,,,,,,
233,234,35.95396286999144,139.65136885643008,35.95451870003396,139.6516960859299,,,,,,,,
234,235,35.95451870003396,139.6516960859299,35.95489648853345,139.6518784761429,,,,,,,,
235,236,35.95489648853345,139.6518784761429,35.95499925827794,139.65194284915927,35.955369807207006,139.65228617191318,,,,,,
239,249,35.95612971657651,139.6518248319626,35.956532103725756,139.65222179889682,,,,,,,,
240,248,35.95682014217934,139.6529567241669,35.9567579028078,139.65260803699496,35.9565928958498,139.65228617191318,,,,,,
240,241,35.95682014217934,139.6529567241669,35.95699817547554,139.6538418531418,,,,,,,,
242,245,35.95006181733784,139.65166389942172,35.95023118058126,139.6523451805115,,,,,,,,
243,244,35.95034843184478,139.65195357799533,35.95027460699544,139.65211987495425,,,,,,,,
244,245,35.95027460699544,139.65211987495425,35.95023118058126,139.6523451805115,,,,,,,,
245,246,35.95023118058126,139.6523451805115,35.95031803338576,139.65298354625705,,,,,,,,
247,250,35.95666671479468,139.65220570564273,35.95660592272745,139.6521466970444,,,,,,,,
247,248,35.95666671479468,139.65220570564273,35.9565928958498,139.65228617191318,,,,,,,,
248,249,35.9565928958498,139.65228617191318,35.956532103725756,139.65222179889682,,,,,,,,
249,250,35.956532103725756,139.65222179889682,35.95660592272745,139.6521466970444,,,,,,,,
251,252,35.94815971289976,139.6429413557053,35.94823788247757,139.64295744895938,,,,,,,,
253,254,35.94905865837532,139.64059710502627,35.94898048960957,139.64079558849338,,,,,,,,
254,255,35.94898048960957,139.64079558849338,35.948906663482006,139.64107990264895,,,,,,,,
255,256,35.948906663482006,139.64107990264895,35.94869821286709,139.64106380939486,,,,,,,,
255,257,35.948906663482006,139.64107990264895,35.948941405197694,139.64123547077182,35.94887192175105,139.64156806468966,,,,,,
